ID,QUEUE_NAME,DIVISION_ID,DIVISION_NAME,DATECREATED,CREATEDBY,CALL_SERVICELEVEL_DURATION,CHAT_SERVICELEVEL_DURATION,EMAIL_SERVICELEVEL_DURATION,MESAGGE_SERVICELEVEL_DURATION,FECHA_CARGA
e41b13c9-33fa-4169-bea8-2e293e21a301, HND TeleventasMP_TC_VIP,6c9d302d-0e0f-4966-a875-cbbf7ab5e42f,Televentas,2024-03-04T21:13:57.929Z,a337da7f-7f39-4ff7-b644-b5c236cf0985,20000,20000,86400000,20000,2026-06-30 10:30:28
b9813e9d-9bf1-4a5a-b261-b73ad72166f8, HND_FDL_OUT_VOZ_UPG_2,997da3ed-3909-47ee-b489-191f7a36a1c3,Fidelización,2026-06-23T16:06:47.737Z,e6990cfa-43a3-4884-b7e5-51c731abf0fe,20000,20000,86400000,20000,2026-06-30 10:30:28
4bcc28a7-9912-4778-93e0-38eb78ccd428,AGENCIA PRUEBA 2,a4a87bff-3d6a-45d1-9d4c-075794974c2c,Home,2026-02-03T16:18:13.253Z,da32eea0-56f6-4998-a72d-4145bb67c446,20000,20000,86400000,20000,2026-06-30 10:30:28
d0f0b1c2-cab0-4fa2-8120-ee682b398356,AGENCIAS PRUEBA,a4a87bff-3d6a-45d1-9d4c-075794974c2c,Home,2026-02-03T15:58:06.971Z,da32eea0-56f6-4998-a72d-4145bb67c446,20000,20000,86400000,20000,2026-06-30 10:30:28
661db65b-639b-499c-bd28-ad2f0152b3b9,Archivo borrar,7c271255-84d0-418f-b11c-d34854f14822,Cobros,2024-03-06T02:44:36.431Z,73d90384-da50-4b79-9767-dc9f84e55af2,20000,20000,86400000,20000,2026-06-30 10:30:28
92ffe57e-06b4-479b-b413-b3c6814010a9,Archivo borrar1,7c271255-84d0-418f-b11c-d34854f14822,Cobros,2025-08-04T19:58:13.020Z,09690e19-6666-4de8-b628-b757201a16f6,20000,20000,86400000,20000,2026-06-30 10:30:28
2b19a7b6-7326-488e-b042-22326023440f,Archivo borrar2,7c271255-84d0-418f-b11c-d34854f14822,Cobros,2023-01-20T22:05:23.235Z,4c323cd7-477c-48eb-b117-6b994ef2e604,20000,20000,86400000,20000,2026-06-30 10:30:28
ef5847d6-f286-49f4-ae17-f404325d9d40,Banca_Personas_Jun2024,a4a87bff-3d6a-45d1-9d4c-075794974c2c,Home,2024-06-06T19:43:26.386Z,680935d1-3f8c-4244-bc74-573830d413cb,20000,20000,86400000,20000,2026-06-30 10:30:28
8ab6c76b-2e37-40aa-aaf0-0e50ed1cd41c,BLZ IN_BELICE,875adab8-cb33-41b9-a658-da4cac385e1c,Belice,2024-06-05T21:52:33.041Z,eac74941-f1fe-4806-918a-a57c707b6d60,40000,20000,86400000,20000,2026-06-30 10:30:28
133e5ace-eb62-4800-8212-779f74cb3650,BLZ IN_BELICE_V2,a4a87bff-3d6a-45d1-9d4c-075794974c2c,Home,2025-01-03T20:24:03.468Z,695d6dfc-11d3-48ad-a286-64290b8d94e0,40000,20000,86400000,20000,2026-06-30 10:30:28
1e6928e9-f161-4720-8ee6-81d444ac1492,Encuesta Agente ABI,548e03b5-af03-401f-956f-d6e9201bf3e4,Servicio al Cliente,2026-05-23T23:54:29.423Z,78ad279c-f155-449e-84f6-da696da30386,20000,20000,86400000,20000,2026-06-30 10:30:28
db07aec0-23f9-4a2d-865c-6fc32bafce5b,Encuesta Apertura Cuenta ABI,548e03b5-af03-401f-956f-d6e9201bf3e4,Servicio al Cliente,2026-05-23T23:56:05.928Z,78ad279c-f155-449e-84f6-da696da30386,20000,20000,86400000,20000,2026-06-30 10:30:28
754c20ce-35bc-47a3-821f-6bc707906e0c,EnivioABI_ITXDS,548e03b5-af03-401f-956f-d6e9201bf3e4,Servicio al Cliente,2024-12-24T15:12:41.883Z,78ad279c-f155-449e-84f6-da696da30386,20000,20000,86400000,20000,2026-06-30 10:30:28
9b8a1da4-1560-4529-85c5-13908a68b7d4,HND Alternativas Financieras,a4a87bff-3d6a-45d1-9d4c-075794974c2c,Home,2023-07-05T16:30:30.851Z,73d90384-da50-4b79-9767-dc9f84e55af2,20000,20000,86400000,20000,2026-06-30 10:30:28
ab2ca2fb-5402-4495-9339-5470a6e7be40,HND Atlantida TAP,548e03b5-af03-401f-956f-d6e9201bf3e4,Servicio al Cliente,2024-11-06T21:50:35.921Z,ac7d6df3-9ee1-4af6-b416-e2bd5dae906b,20000,20000,86400000,20000,2026-06-30 10:30:28
f411e67b-6b11-475a-be5f-ff376adbf204,HND Back Office,548e03b5-af03-401f-956f-d6e9201bf3e4,Servicio al Cliente,2022-07-26T21:14:44.526Z,78ad279c-f155-449e-84f6-da696da30386,20000,20000,86400000,20000,2026-06-30 10:30:28
5406c530-c5c2-45d5-9319-b0324829551d,HND Back Office Bloqueos Diarios,548e03b5-af03-401f-956f-d6e9201bf3e4,Servicio al Cliente,2022-12-26T18:05:55.648Z,680935d1-3f8c-4244-bc74-573830d413cb,20000,20000,86400000,20000,2026-06-30 10:30:28
5ddeadc2-d2e1-48bd-bf3d-6fb271ae0a4f,HND Back Office General INTER,548e03b5-af03-401f-956f-d6e9201bf3e4,Servicio al Cliente,2025-06-09T22:07:37.735Z,a337da7f-7f39-4ff7-b644-b5c236cf0985,20000,20000,86400000,20000,2026-06-30 10:30:28
73c2a7a1-67df-4b51-be86-5b871e49939e,HND Back Office General NAC,548e03b5-af03-401f-956f-d6e9201bf3e4,Servicio al Cliente,2025-04-30T17:06:35.967Z,695d6dfc-11d3-48ad-a286-64290b8d94e0,20000,20000,86400000,20000,2026-06-30 10:30:28
b84ca391-f5c1-48f8-b45e-0aa6f2d09d8b,HND Banca Comercial Pyme ,b4167431-5d5b-4409-9df5-890acf39ead6,BT_Cash_Management,2025-02-13T21:49:45.319Z,a337da7f-7f39-4ff7-b644-b5c236cf0985,40000,20000,86400000,20000,2026-06-30 10:30:28
6bf5a6da-8549-4bd9-9471-dbda7a564c0c,HND Banca Corporativa,b4167431-5d5b-4409-9df5-890acf39ead6,BT_Cash_Management,2025-02-13T21:49:13.993Z,a337da7f-7f39-4ff7-b644-b5c236cf0985,40000,20000,86400000,20000,2026-06-30 10:30:28
43ca2ee7-e248-4b03-a35e-dc88945521a8,HND BASA CHEQUES,a4a87bff-3d6a-45d1-9d4c-075794974c2c,Home,2022-12-05T20:27:33.834Z,ac7d6df3-9ee1-4af6-b416-e2bd5dae906b,20000,20000,86400000,20000,2026-06-30 10:30:28
4219e725-409d-49d2-a7ff-f543af18351a,HND BO CANCELACION TD,a4a87bff-3d6a-45d1-9d4c-075794974c2c,Home,2023-03-17T18:55:08.047Z,eac74941-f1fe-4806-918a-a57c707b6d60,20000,20000,86400000,20000,2026-06-30 10:30:28
aa297906-0bf5-4cac-9a60-f4f36da0cde5,HND BO Cheques,a4a87bff-3d6a-45d1-9d4c-075794974c2c,Home,2023-04-18T21:49:38.589Z,73d90384-da50-4b79-9767-dc9f84e55af2,20000,20000,86400000,20000,2026-06-30 10:30:28
8379d545-79a3-4106-80fc-c27e8b30cb4b,HND BO Llamada de bienvenida,a4a87bff-3d6a-45d1-9d4c-075794974c2c,Home,2024-03-12T19:25:27.257Z,ac7d6df3-9ee1-4af6-b416-e2bd5dae906b,20000,20000,86400000,20000,2026-06-30 10:30:28
2841dca6-43fc-4b6d-bb50-58693030d2f6,HND CHAT_APERTURA_CUENTAS,548e03b5-af03-401f-956f-d6e9201bf3e4,Servicio al Cliente,2024-10-29T21:21:54.134Z,eac74941-f1fe-4806-918a-a57c707b6d60,20000,300000,86400000,20000,2026-06-30 10:30:28
d21039d0-84d3-4661-8589-61c0942b2f9d,HND Cobros  MA Vivienda General,7c271255-84d0-418f-b11c-d34854f14822,Cobros,2023-01-03T20:45:25.268Z,4c323cd7-477c-48eb-b117-6b994ef2e604,20000,20000,86400000,20000,2026-06-30 10:30:28
112442bf-65be-4b36-9c9e-b2bf452233f5,HND Cobros Agentes Nuevos PR,7c271255-84d0-418f-b11c-d34854f14822,Cobros,2026-05-27T17:47:33.976Z,09690e19-6666-4de8-b628-b757201a16f6,20000,20000,86400000,20000,2026-06-30 10:30:28
e6c49ae6-f09e-47f9-b744-e42ec53d2a39,HND Cobros Agentes Nuevos TC,7c271255-84d0-418f-b11c-d34854f14822,Cobros,2026-05-27T17:44:50.260Z,09690e19-6666-4de8-b628-b757201a16f6,20000,20000,86400000,20000,2026-06-30 10:30:28
f9bb2701-bb1f-4145-a8fb-7647359e49d5,HND Cobros BackOffice,7c271255-84d0-418f-b11c-d34854f14822,Cobros,2023-02-08T02:46:42.502Z,eac74941-f1fe-4806-918a-a57c707b6d60,20000,20000,86400000,20000,2026-06-30 10:30:28
ab2b52f6-31b4-4f67-a2be-331225a7d1cd,HND Cobros Cyber Gral,7c271255-84d0-418f-b11c-d34854f14822,Cobros,2023-02-15T15:34:39.442Z,eac74941-f1fe-4806-918a-a57c707b6d60,20000,20000,86400000,20000,2026-06-30 10:30:28
d0d32dc6-5538-4a3b-bd5b-4f627b3a0dd6,HND Cobros Email TC,7c271255-84d0-418f-b11c-d34854f14822,Cobros,2022-11-07T20:24:18.316Z,4c323cd7-477c-48eb-b117-6b994ef2e604,20000,20000,86400000,20000,2026-06-30 10:30:28
295114f1-4904-43d7-8c07-579abcde975f,HND Cobros EXCON M30 ,7c271255-84d0-418f-b11c-d34854f14822,Cobros,2022-10-10T15:18:40.622Z,eac74941-f1fe-4806-918a-a57c707b6d60,20000,20000,86400000,20000,2026-06-30 10:30:28
a9ee0c4c-381e-4099-8ec2-722696b16020,HND Cobros EXCON M60,7c271255-84d0-418f-b11c-d34854f14822,Cobros,2022-10-10T15:19:52.514Z,eac74941-f1fe-4806-918a-a57c707b6d60,20000,20000,86400000,20000,2026-06-30 10:30:28
1b211956-f53b-44ce-ba3e-c1e4ae2daffa,HND Cobros EXCON M90,7c271255-84d0-418f-b11c-d34854f14822,Cobros,2022-10-10T15:21:10.583Z,eac74941-f1fe-4806-918a-a57c707b6d60,20000,20000,86400000,20000,2026-06-30 10:30:28
4b3b1bfa-147b-4346-9d8a-3b34ec6ef345,HND Cobros General Premora TTS,7c271255-84d0-418f-b11c-d34854f14822,Cobros,2023-12-20T19:07:48.779Z,a337da7f-7f39-4ff7-b644-b5c236cf0985,20000,20000,86400000,20000,2026-06-30 10:30:28
e5bc9310-e220-4031-b4cd-62ae30d1b114,HND Cobros General Premora y TC 30,7c271255-84d0-418f-b11c-d34854f14822,Cobros,2025-09-10T19:56:23.658Z,73d90384-da50-4b79-9767-dc9f84e55af2,20000,20000,86400000,20000,2026-06-30 10:30:28
df81544d-cb84-4b8a-a743-8a5efc351ebf,HND Cobros Localizadores LC,7c271255-84d0-418f-b11c-d34854f14822,Cobros,2026-06-03T20:52:52.972Z,73d90384-da50-4b79-9767-dc9f84e55af2,20000,20000,86400000,20000,2026-06-30 10:30:28
1beedbfd-6838-483f-9c46-c224f6674a2c,HND Cobros Localizadores SPS,7c271255-84d0-418f-b11c-d34854f14822,Cobros,2026-06-03T20:51:52.978Z,73d90384-da50-4b79-9767-dc9f84e55af2,20000,20000,86400000,20000,2026-06-30 10:30:28
f32e4ccf-ad1a-4d5b-bbf8-fe940d0f8313,HND Cobros Localizadores TGU,7c271255-84d0-418f-b11c-d34854f14822,Cobros,2025-07-28T20:30:40.668Z,73d90384-da50-4b79-9767-dc9f84e55af2,20000,20000,86400000,20000,2026-06-30 10:30:28
599a2019-ae27-4e91-be7d-4bf8a4ca3295,HND Cobros MA Arreglo M120+,7c271255-84d0-418f-b11c-d34854f14822,Cobros,2025-11-04T20:37:19.948Z,09690e19-6666-4de8-b628-b757201a16f6,20000,20000,86400000,20000,2026-06-30 10:30:28
b5fa83c3-4907-44d7-a64c-72a1ac458ff6,HND Cobros MA Ex-Conv M120+,7c271255-84d0-418f-b11c-d34854f14822,Cobros,2023-01-04T15:14:29.914Z,ac7d6df3-9ee1-4af6-b416-e2bd5dae906b,20000,20000,86400000,20000,2026-06-30 10:30:28
0bc20a96-7ee7-4e18-844f-abbf9a50a8ee,HND Cobros MA Ex-Conv M120+ V2,7c271255-84d0-418f-b11c-d34854f14822,Cobros,2025-08-22T13:11:10.404Z,73d90384-da50-4b79-9767-dc9f84e55af2,20000,20000,86400000,20000,2026-06-30 10:30:28
c7247070-96d6-45d3-b390-b4c7d2b4c053,HND Cobros MA General Temporal,7c271255-84d0-418f-b11c-d34854f14822,Cobros,2024-12-05T15:21:07.767Z,73d90384-da50-4b79-9767-dc9f84e55af2,20000,20000,86400000,20000,2026-06-30 10:30:28
0ed324ab-78af-4b2e-96ab-e658ad902e44,HND Cobros MA Vivienda General  V2,7c271255-84d0-418f-b11c-d34854f14822,Cobros,2025-08-22T13:09:43.204Z,73d90384-da50-4b79-9767-dc9f84e55af2,20000,20000,86400000,20000,2026-06-30 10:30:28
cf8c777e-4937-4230-91f6-3ac93d0d9f93,HND Cobros Mora 120 TC,7c271255-84d0-418f-b11c-d34854f14822,Cobros,2024-03-06T02:45:38.448Z,73d90384-da50-4b79-9767-dc9f84e55af2,20000,20000,86400000,20000,2026-06-30 10:30:28
fe3ca827-9b7a-415d-bb13-a5b6a7b0ee64,HND Cobros Mora 120 TC Temporal,7c271255-84d0-418f-b11c-d34854f14822,Cobros,2026-05-12T21:20:22.821Z,d1ce9245-e066-494c-831d-db2447227b16,20000,20000,86400000,20000,2026-06-30 10:30:28
695ab80c-37b2-4a11-a145-7b2a30578c34,HND Cobros Mora 120 TC V2,7c271255-84d0-418f-b11c-d34854f14822,Cobros,2025-08-21T06:49:17.232Z,73d90384-da50-4b79-9767-dc9f84e55af2,20000,20000,86400000,20000,2026-06-30 10:30:28
1415b224-89d3-49ce-adb3-ff0ed49c5e3d,HND Cobros Mora 150 TC,7c271255-84d0-418f-b11c-d34854f14822,Cobros,2024-03-06T02:47:52.868Z,73d90384-da50-4b79-9767-dc9f84e55af2,20000,20000,86400000,20000,2026-06-30 10:30:28
3c92e025-b563-451b-a42c-95127961de22,HND Cobros Mora 150 TC V2,7c271255-84d0-418f-b11c-d34854f14822,Cobros,2025-08-21T06:51:09.034Z,73d90384-da50-4b79-9767-dc9f84e55af2,20000,20000,86400000,20000,2026-06-30 10:30:28
ef662c4d-1e67-486b-833e-359116ef0c2a,HND Cobros Mora 180 TC Temporal,7c271255-84d0-418f-b11c-d34854f14822,Cobros,2025-05-30T21:24:36.198Z,d1ce9245-e066-494c-831d-db2447227b16,20000,20000,86400000,20000,2026-06-30 10:30:28
6562754e-5d53-4178-8abf-873b90bddea4,HND Cobros Mora 180 TC v2,7c271255-84d0-418f-b11c-d34854f14822,Cobros,2025-08-21T06:51:50.276Z,73d90384-da50-4b79-9767-dc9f84e55af2,20000,20000,86400000,20000,2026-06-30 10:30:28
63f7ca97-267b-4403-80cf-22667095a065,HND Cobros Mora 180+ TC,7c271255-84d0-418f-b11c-d34854f14822,Cobros,2024-04-01T18:48:04.930Z,d1ce9245-e066-494c-831d-db2447227b16,20000,20000,86400000,20000,2026-06-30 10:30:28
fe8a65a8-5b0a-4d86-925e-53a632627305,HND Cobros Mora 30 TC,7c271255-84d0-418f-b11c-d34854f14822,Cobros,2022-09-22T03:13:20.467Z,4c323cd7-477c-48eb-b117-6b994ef2e604,20000,20000,86400000,20000,2026-06-30 10:30:28
602dde1a-c242-4a4f-b867-4e6482e3fdb2,HND Cobros Mora 60 TC,7c271255-84d0-418f-b11c-d34854f14822,Cobros,2022-09-07T15:40:22.717Z,4c323cd7-477c-48eb-b117-6b994ef2e604,20000,20000,86400000,20000,2026-06-30 10:30:28
45e8cb22-a5f2-436e-be50-962360004886,HND Cobros Mora 90 TC,7c271255-84d0-418f-b11c-d34854f14822,Cobros,2022-09-13T17:23:44.997Z,4c323cd7-477c-48eb-b117-6b994ef2e604,20000,20000,86400000,20000,2026-06-30 10:30:28
b9f599ba-2670-4b17-bb11-f9dcd2026fcd,HND Cobros Mora Convenio,7c271255-84d0-418f-b11c-d34854f14822,Cobros,2023-08-31T17:56:50.284Z,73d90384-da50-4b79-9767-dc9f84e55af2,20000,20000,86400000,20000,2026-06-30 10:30:28
3f078bde-6e38-4434-9937-78f7f078c78e,HND Cobros Mora Convenio M30,7c271255-84d0-418f-b11c-d34854f14822,Cobros,2025-09-10T18:32:25.125Z,73d90384-da50-4b79-9767-dc9f84e55af2,20000,20000,86400000,20000,2026-06-30 10:30:28
5e4d8bce-40dd-4d3b-96b9-bc6a2fffc254,HND Cobros Mora Convenio M60-M90,7c271255-84d0-418f-b11c-d34854f14822,Cobros,2025-09-08T18:31:38.214Z,09690e19-6666-4de8-b628-b757201a16f6,20000,20000,86400000,20000,2026-06-30 10:30:28
423dd39f-0e9c-409b-9670-c83aa16f9540,HND Cobros Mora EXC M120+ Temporal,7c271255-84d0-418f-b11c-d34854f14822,Cobros,2026-05-27T19:57:48.665Z,d1ce9245-e066-494c-831d-db2447227b16,20000,20000,86400000,20000,2026-06-30 10:30:28
2295e840-34d6-47b0-b0bc-d81a8a354010,HND Cobros Moras Altas,7c271255-84d0-418f-b11c-d34854f14822,Cobros,2024-04-22T20:53:20.727Z,73d90384-da50-4b79-9767-dc9f84e55af2,20000,20000,86400000,20000,2026-06-30 10:30:28
20644034-bf56-4c6c-a81b-9f754ef6349c,HND Cobros Moras Altas Multimora,a4a87bff-3d6a-45d1-9d4c-075794974c2c,Home,2023-12-14T20:34:03.750Z,680935d1-3f8c-4244-bc74-573830d413cb,20000,20000,86400000,20000,2026-06-30 10:30:28
b4b69007-6a94-4627-9258-79221784a1f5,HND Cobros Moras Altas Prestamos,7c271255-84d0-418f-b11c-d34854f14822,Cobros,2023-01-16T03:31:31.844Z,eac74941-f1fe-4806-918a-a57c707b6d60,20000,20000,86400000,20000,2026-06-30 10:30:28
11600364-ffc8-483c-a6ee-67e9cbd38abf,HND Cobros Moras Altas SPS,a4a87bff-3d6a-45d1-9d4c-075794974c2c,Home,2024-01-10T15:09:31.836Z,ac7d6df3-9ee1-4af6-b416-e2bd5dae906b,20000,20000,86400000,20000,2026-06-30 10:30:28
3a8bd512-b920-458c-be81-bb183cfdfbe4,HND Cobros Moras Altas TC_SPS_120,a4a87bff-3d6a-45d1-9d4c-075794974c2c,Home,2024-01-05T14:30:32.434Z,680935d1-3f8c-4244-bc74-573830d413cb,20000,20000,86400000,20000,2026-06-30 10:30:28
dc30b945-3631-4b2e-bb1d-d484e2b2f0b0,HND Cobros Moras Altas TC_SPS_150,a4a87bff-3d6a-45d1-9d4c-075794974c2c,Home,2024-01-05T14:31:56.641Z,680935d1-3f8c-4244-bc74-573830d413cb,20000,20000,86400000,20000,2026-06-30 10:30:28
d83046a7-9fbb-476e-ba2c-b5fa8db8a94a,HND Cobros Moras Altas TC_TGU,a4a87bff-3d6a-45d1-9d4c-075794974c2c,Home,2023-03-13T06:51:57.809Z,680935d1-3f8c-4244-bc74-573830d413cb,20000,20000,86400000,20000,2026-06-30 10:30:28
1a7af018-bfb7-4d60-96a2-61deaa4addb3,HND Cobros Moras Altas TC_TGU_120,a4a87bff-3d6a-45d1-9d4c-075794974c2c,Home,2024-01-05T14:30:01.792Z,680935d1-3f8c-4244-bc74-573830d413cb,20000,20000,86400000,20000,2026-06-30 10:30:28
4a52d27c-e86e-4f72-bb77-957fd31174f1,HND Cobros Moras Altas TC_TGU_150,a4a87bff-3d6a-45d1-9d4c-075794974c2c,Home,2024-01-05T14:29:34.392Z,680935d1-3f8c-4244-bc74-573830d413cb,20000,20000,86400000,20000,2026-06-30 10:30:28
5f558012-28ba-47a1-bea0-bc1ae37ba7f3,HND Cobros Moras Altas Vivienda_SPS,a4a87bff-3d6a-45d1-9d4c-075794974c2c,Home,2023-12-14T20:35:56.611Z,680935d1-3f8c-4244-bc74-573830d413cb,20000,20000,86400000,20000,2026-06-30 10:30:28
26c3b426-f7ba-4d92-b084-958ed6bf7cdd,HND Cobros Moras Bajas,7c271255-84d0-418f-b11c-d34854f14822,Cobros,2023-06-08T15:34:02.215Z,4c323cd7-477c-48eb-b117-6b994ef2e604,20000,20000,86400000,20000,2026-06-30 10:30:28
5479da5e-327d-4cf5-8f25-1af15dde8b6e,HND Cobros MP Mora 30 TC,a4a87bff-3d6a-45d1-9d4c-075794974c2c,Home,2024-08-19T19:48:11.872Z,73d90384-da50-4b79-9767-dc9f84e55af2,20000,20000,86400000,20000,2026-06-30 10:30:28
2c3944eb-ce14-4b0d-8041-9482360b9b9d,HND Cobros MP PR Mora 30,a4a87bff-3d6a-45d1-9d4c-075794974c2c,Home,2024-08-19T20:20:24.331Z,d1ce9245-e066-494c-831d-db2447227b16,20000,20000,86400000,20000,2026-06-30 10:30:28
918fb10b-4504-4829-8a10-dbf56b25a1f9,HND Cobros Multi Mora,a4a87bff-3d6a-45d1-9d4c-075794974c2c,Home,2023-12-14T20:59:04.792Z,eac74941-f1fe-4806-918a-a57c707b6d60,20000,20000,86400000,20000,2026-06-30 10:30:28
b3872c62-6f50-4656-a9b8-f141e54b4440,HND Cobros PP PR,a4a87bff-3d6a-45d1-9d4c-075794974c2c,Home,2023-08-31T20:12:30.405Z,73d90384-da50-4b79-9767-dc9f84e55af2,20000,20000,86400000,20000,2026-06-30 10:30:28
4e05c327-7e68-4b3d-883a-b37b1fdf203b,HND Cobros PP TC,a4a87bff-3d6a-45d1-9d4c-075794974c2c,Home,2023-08-31T17:50:27.548Z,ac7d6df3-9ee1-4af6-b416-e2bd5dae906b,20000,20000,86400000,20000,2026-06-30 10:30:28
0dd9014a-ad8c-45ca-bfb0-e1426cd9cf7b,HND Cobros PR CONS ARREGLO M60+ ,a4a87bff-3d6a-45d1-9d4c-075794974c2c,Home,2024-07-18T19:43:43.537Z,d1ce9245-e066-494c-831d-db2447227b16,20000,20000,86400000,20000,2026-06-30 10:30:28
0589b564-207e-4bd7-82bb-6422495bf4fc,HND Cobros PR CONS M120,7c271255-84d0-418f-b11c-d34854f14822,Cobros,2024-03-06T02:43:23.200Z,73d90384-da50-4b79-9767-dc9f84e55af2,20000,20000,86400000,20000,2026-06-30 10:30:28
065867f9-cc85-4ec6-becf-d9bbe62511b6,HND Cobros PR CONS M120 V2,7c271255-84d0-418f-b11c-d34854f14822,Cobros,2025-08-21T21:54:29.046Z,73d90384-da50-4b79-9767-dc9f84e55af2,20000,20000,86400000,20000,2026-06-30 10:30:28
57a421f3-4af4-4609-9799-89b713a95fb6,HND Cobros PR CONS M150,7c271255-84d0-418f-b11c-d34854f14822,Cobros,2024-03-06T02:43:47.609Z,73d90384-da50-4b79-9767-dc9f84e55af2,20000,20000,86400000,20000,2026-06-30 10:30:28
6c044269-7a39-4501-81c7-13438a8ff780,HND Cobros PR CONS M150 V2,7c271255-84d0-418f-b11c-d34854f14822,Cobros,2025-08-22T13:08:13.411Z,73d90384-da50-4b79-9767-dc9f84e55af2,20000,20000,86400000,20000,2026-06-30 10:30:28
5630065b-acc8-4870-8575-09a7827d7337,HND Cobros PR CONS M180 v2,7c271255-84d0-418f-b11c-d34854f14822,Cobros,2026-06-01T06:28:40.928Z,73d90384-da50-4b79-9767-dc9f84e55af2,20000,20000,86400000,20000,2026-06-30 10:30:28
de14fb41-67b3-4e9a-92aa-90ec31789ec0,HND Cobros PR CONS M180+,7c271255-84d0-418f-b11c-d34854f14822,Cobros,2024-04-04T14:02:50.825Z,73d90384-da50-4b79-9767-dc9f84e55af2,20000,20000,86400000,20000,2026-06-30 10:30:28
87d7a9d2-789b-498f-af4b-12d89fad96fa,HND Cobros PR CONS M30,7c271255-84d0-418f-b11c-d34854f14822,Cobros,2022-09-22T02:50:33.408Z,4c323cd7-477c-48eb-b117-6b994ef2e604,20000,20000,86400000,20000,2026-06-30 10:30:28
ccd94c01-936b-44f5-bb43-3697d9a5dce5,HND Cobros PR CONS M60,7c271255-84d0-418f-b11c-d34854f14822,Cobros,2022-09-22T03:09:02.479Z,4c323cd7-477c-48eb-b117-6b994ef2e604,20000,20000,86400000,20000,2026-06-30 10:30:28
49e5657a-f3cd-4828-8ba0-8d8d6dae01ed,HND Cobros PR CONS M60 Multi,a4a87bff-3d6a-45d1-9d4c-075794974c2c,Home,2023-12-12T02:38:28.063Z,eac74941-f1fe-4806-918a-a57c707b6d60,20000,20000,86400000,20000,2026-06-30 10:30:28
dca861db-22e4-4387-9d9e-6bf4dadadd77,HND Cobros PR CONS M90,7c271255-84d0-418f-b11c-d34854f14822,Cobros,2022-09-22T03:10:19.579Z,4c323cd7-477c-48eb-b117-6b994ef2e604,20000,20000,86400000,20000,2026-06-30 10:30:28
b85e0e28-2a81-4081-bd9e-5be05f6248ed,HND Cobros PR CONS X Arreglo M30,7c271255-84d0-418f-b11c-d34854f14822,Cobros,2025-09-10T19:40:08.444Z,73d90384-da50-4b79-9767-dc9f84e55af2,20000,20000,86400000,20000,2026-06-30 10:30:28
4843f4fb-7993-42f8-8cfd-195657778614,HND Cobros PR CONS X Arreglo M60-M90,7c271255-84d0-418f-b11c-d34854f14822,Cobros,2025-12-02T16:35:54.050Z,09690e19-6666-4de8-b628-b757201a16f6,20000,20000,86400000,20000,2026-06-30 10:30:28
21b8c2b6-9db2-403a-b2ee-ea22ab68fe4d,HND Cobros PR Premora Vivienda,a4a87bff-3d6a-45d1-9d4c-075794974c2c,Home,2025-02-24T16:05:20.410Z,73d90384-da50-4b79-9767-dc9f84e55af2,20000,20000,86400000,20000,2026-06-30 10:30:28
91aba263-a8b2-40a4-9223-d4233bac17b3,HND Cobros PR PYME,7c271255-84d0-418f-b11c-d34854f14822,Cobros,2023-08-17T15:41:55.619Z,d1ce9245-e066-494c-831d-db2447227b16,20000,20000,86400000,20000,2026-06-30 10:30:28
cbb6c6e9-e00c-43ce-a0fb-625b31d95af2,HND Cobros PR Vehiculos 30,a4a87bff-3d6a-45d1-9d4c-075794974c2c,Home,2024-01-22T03:02:23.999Z,695d6dfc-11d3-48ad-a286-64290b8d94e0,20000,20000,86400000,20000,2026-06-30 10:30:28
25620d1a-195c-4a5c-bee1-de8156a00000,HND Cobros PR Vehiculos M30-M60,7c271255-84d0-418f-b11c-d34854f14822,Cobros,2022-09-23T21:36:56.995Z,4c323cd7-477c-48eb-b117-6b994ef2e604,20000,20000,86400000,20000,2026-06-30 10:30:28
db03440d-6a0d-4021-921f-f70641941918,HND Cobros PR Vehiculos M90+,7c271255-84d0-418f-b11c-d34854f14822,Cobros,2025-10-08T20:39:30.895Z,09690e19-6666-4de8-b628-b757201a16f6,20000,20000,86400000,20000,2026-06-30 10:30:28
c986aec2-4492-41f5-97de-303abb77cd2f,HND Cobros PR Vehiculos_Owner,a4a87bff-3d6a-45d1-9d4c-075794974c2c,Home,2024-01-13T14:50:39.363Z,695d6dfc-11d3-48ad-a286-64290b8d94e0,20000,20000,86400000,20000,2026-06-30 10:30:28
d78438bd-7a19-4491-853f-7131a7a6c5ad,HND Cobros PR VIVI 90+ Temporal,7c271255-84d0-418f-b11c-d34854f14822,Cobros,2024-11-14T16:02:38.667Z,73d90384-da50-4b79-9767-dc9f84e55af2,20000,20000,86400000,20000,2026-06-30 10:30:28
a6399384-ef00-4df4-a398-97d056bf2d38,HND Cobros PR VIVI M30,7c271255-84d0-418f-b11c-d34854f14822,Cobros,2022-09-22T03:20:06.311Z,4c323cd7-477c-48eb-b117-6b994ef2e604,20000,20000,86400000,20000,2026-06-30 10:30:28
aaf822cd-4ccd-4474-a951-6e476144767e,HND Cobros PR VIVI M60,7c271255-84d0-418f-b11c-d34854f14822,Cobros,2022-09-22T03:22:55.932Z,4c323cd7-477c-48eb-b117-6b994ef2e604,20000,20000,86400000,20000,2026-06-30 10:30:28
6568554c-0c13-4db6-99d2-72570a34f37b,HND Cobros PR VIVI M90 ,7c271255-84d0-418f-b11c-d34854f14822,Cobros,2024-01-26T19:12:32.949Z,73d90384-da50-4b79-9767-dc9f84e55af2,20000,20000,86400000,20000,2026-06-30 10:30:28
b8981f8f-34a3-4626-93d0-ed067a2a5295,HND Cobros Premora PR,7c271255-84d0-418f-b11c-d34854f14822,Cobros,2024-12-05T22:58:53.625Z,73d90384-da50-4b79-9767-dc9f84e55af2,20000,20000,86400000,20000,2026-06-30 10:30:28
f282115a-db10-409f-a29f-a7f6df6f18e2,HND Cobros Premora TC,7c271255-84d0-418f-b11c-d34854f14822,Cobros,2025-09-04T02:19:33.122Z,73d90384-da50-4b79-9767-dc9f84e55af2,20000,20000,86400000,20000,2026-06-30 10:30:31
171a7446-9bc9-4cce-b075-5b17d6408842,HND Cobros Premora TC_2,7c271255-84d0-418f-b11c-d34854f14822,Cobros,2025-12-22T02:15:48.787Z,09690e19-6666-4de8-b628-b757201a16f6,20000,20000,86400000,20000,2026-06-30 10:30:31
19875fe5-6be6-4f73-9d4a-d0db46878601,HND Cobros PYME TC ,7c271255-84d0-418f-b11c-d34854f14822,Cobros,2023-07-31T20:27:45.244Z,73d90384-da50-4b79-9767-dc9f84e55af2,20000,20000,86400000,20000,2026-06-30 10:30:31
628c65e7-4499-4839-bb1d-249dc3edaafa,HND Cobros PYME TC MA,7c271255-84d0-418f-b11c-d34854f14822,Cobros,2026-01-02T06:03:24.813Z,73d90384-da50-4b79-9767-dc9f84e55af2,20000,20000,86400000,20000,2026-06-30 10:30:31
6f8225ba-c59e-43ec-ac76-4823bc228da7,HND Cobros Reservas ,a4a87bff-3d6a-45d1-9d4c-075794974c2c,Home,2024-09-19T16:23:48.096Z,73d90384-da50-4b79-9767-dc9f84e55af2,20000,20000,86400000,20000,2026-06-30 10:30:31
e334f182-d04c-4c13-a1c5-aa33f812734a,HND Cobros Top Mora,a4a87bff-3d6a-45d1-9d4c-075794974c2c,Home,2023-04-12T17:25:02.341Z,73d90384-da50-4b79-9767-dc9f84e55af2,20000,20000,86400000,20000,2026-06-30 10:30:31
191f7f3d-240b-4817-90ed-c4a5ea9b3ff6,HND CONS PR MB Pruebas,7c271255-84d0-418f-b11c-d34854f14822,Cobros,2023-06-28T17:56:04.657Z,ac7d6df3-9ee1-4af6-b416-e2bd5dae906b,20000,20000,86400000,20000,2026-06-30 10:30:31
ede73620-f3ce-4a96-a14c-14b9e279c3a8,HND CONTACTACION ONBOARDING_2.0,a4a87bff-3d6a-45d1-9d4c-075794974c2c,Home,2025-03-10T17:24:43.389Z,695d6dfc-11d3-48ad-a286-64290b8d94e0,40000,20000,86400000,20000,2026-06-30 10:30:31
6d1e460c-c730-4ec6-86fc-07f4abb273fc,HND CORREO DILO,4ae6a12b-ed77-46f1-8516-0d35bd70d0dc,Dilo,2025-10-10T11:41:28.337Z,78ad279c-f155-449e-84f6-da696da30386,20000,20000,86400000,20000,2026-06-30 10:30:31
04fd4a58-6e55-40f1-afc5-3b5937c154b8,HND COSTUMER_CARE,548e03b5-af03-401f-956f-d6e9201bf3e4,Servicio al Cliente,2024-10-24T22:33:43.473Z,680935d1-3f8c-4244-bc74-573830d413cb,20000,20000,86400000,20000,2026-06-30 10:30:31
dc2d47d2-75df-480a-a9fd-54c1aa40bb3a,HND CREDITOS,444b9a2a-0d9e-4908-9b12-9739e0cf9763,Créditos,2025-05-29T20:36:47.581Z,680935d1-3f8c-4244-bc74-573830d413cb,20000,20000,86400000,20000,2026-06-30 10:30:31
cb6f5f8d-2dc9-4ec6-a1bd-12c28e96485d,HND Cuentas Ahorro Kids,548e03b5-af03-401f-956f-d6e9201bf3e4,Servicio al Cliente,2025-02-07T21:28:06.530Z,680935d1-3f8c-4244-bc74-573830d413cb,20000,20000,86400000,20000,2026-06-30 10:30:31
718d9664-3e33-44a0-a1fe-5f2c51c1a726,HND CUENTAS DEPOSITOS PENDIENTE,a4a87bff-3d6a-45d1-9d4c-075794974c2c,Home,2025-04-10T21:17:14.509Z,695d6dfc-11d3-48ad-a286-64290b8d94e0,40000,20000,86400000,20000,2026-06-30 10:30:31
2e1d3f69-1d3b-4b18-9522-a75313123c3e,HND CUENTAS ONBOARDING,a4a87bff-3d6a-45d1-9d4c-075794974c2c,Home,2025-01-17T16:42:09.759Z,695d6dfc-11d3-48ad-a286-64290b8d94e0,40000,20000,86400000,20000,2026-06-30 10:30:31
53285356-bf8e-40f6-bcf4-62781dd63ba5,HND Customer _Experience,a4a87bff-3d6a-45d1-9d4c-075794974c2c,Home,2022-12-16T15:29:52.261Z,eac74941-f1fe-4806-918a-a57c707b6d60,20000,20000,86400000,20000,2026-06-30 10:30:31
74b15de0-eeb4-4267-849c-130e2ceeac07,HND EM ENLACE AGENCIAS COBROS,7c271255-84d0-418f-b11c-d34854f14822,Cobros,2025-06-18T22:34:47.754Z,eac74941-f1fe-4806-918a-a57c707b6d60,20000,300000,86400000,20000,2026-06-30 10:30:31
6935b800-bde9-4650-8211-a9b358026955,HND EMAIL COBROS,7c271255-84d0-418f-b11c-d34854f14822,Cobros,2025-06-18T21:05:23.699Z,eac74941-f1fe-4806-918a-a57c707b6d60,20000,300000,86400000,20000,2026-06-30 10:30:31
2ecb30ce-62d8-4f9c-a0c1-fff23435b293,HND Experiencia al Cliente,548e03b5-af03-401f-956f-d6e9201bf3e4,Servicio al Cliente,2025-06-18T16:17:01.810Z,eac74941-f1fe-4806-918a-a57c707b6d60,40000,20000,86400000,20000,2026-06-30 10:30:31
8aab1cef-89e5-4ac0-bd51-8f3c2ba4700b,HND Fidelizacion_Aumentos ,997da3ed-3909-47ee-b489-191f7a36a1c3,Fidelización,2025-10-08T16:07:42.112Z,e6990cfa-43a3-4884-b7e5-51c731abf0fe,20000,20000,86400000,20000,2026-06-30 10:30:31
58e51092-c321-43f0-a1a2-32231ce155f6,HND Fidelizacion_Upgrade,6c9d302d-0e0f-4966-a875-cbbf7ab5e42f,Televentas,2025-10-08T21:13:58.978Z,e6990cfa-43a3-4884-b7e5-51c731abf0fe,20000,20000,86400000,20000,2026-06-30 10:30:31
154908de-10e1-49b0-a6a8-0fa828ef5739,HND Ganadores Boletos Inter,a4a87bff-3d6a-45d1-9d4c-075794974c2c,Home,2025-02-04T17:12:02.172Z,680935d1-3f8c-4244-bc74-573830d413cb,20000,20000,86400000,20000,2026-06-30 10:30:31
96806f20-e22f-40ca-accf-d947383dc848,HND Gestion del Conocimiento,0a1966d3-8e1a-42a3-a4dd-7206593717fa,Gestión del Conocimiento,2026-05-06T21:17:36.769Z,a337da7f-7f39-4ff7-b644-b5c236cf0985,20000,20000,86400000,20000,2026-06-30 10:30:31
ab8baf47-0fc9-4c6e-9300-98485c146e4c,HND INB DILO,4ae6a12b-ed77-46f1-8516-0d35bd70d0dc,Dilo,2025-10-10T11:43:35.436Z,78ad279c-f155-449e-84f6-da696da30386,20000,20000,86400000,20000,2026-06-30 10:30:31
c6a55a23-6b17-4593-8f77-8b1440593439,HND INB TELEVENTAS VIP,548e03b5-af03-401f-956f-d6e9201bf3e4,Servicio al Cliente,2025-06-04T18:45:26.138Z,695d6dfc-11d3-48ad-a286-64290b8d94e0,20000,20000,86400000,20000,2026-06-30 10:30:31
8313d9ce-92a5-45f7-a1ba-4df0eff76156,HND INB_COBROS,548e03b5-af03-401f-956f-d6e9201bf3e4,Servicio al Cliente,2022-11-29T19:20:56.165Z,ac7d6df3-9ee1-4af6-b416-e2bd5dae906b,20000,20000,86400000,20000,2026-06-30 10:30:31
b5610d4a-a137-4c2a-a735-02774210e904,HND INB_EXTRA,6c9d302d-0e0f-4966-a875-cbbf7ab5e42f,Televentas,2025-05-08T16:21:43.144Z,a337da7f-7f39-4ff7-b644-b5c236cf0985,20000,20000,86400000,20000,2026-06-30 10:30:31
60752973-eeb5-4cea-a82b-0d54c45be3c6,HND INB_FIDELIZACION,997da3ed-3909-47ee-b489-191f7a36a1c3,Fidelización,2025-10-22T16:23:53.347Z,e6990cfa-43a3-4884-b7e5-51c731abf0fe,20000,20000,86400000,20000,2026-06-30 10:30:31
f2e4eb07-9c19-418b-bf33-b5d388bedf2a,HND IN_ABA,548e03b5-af03-401f-956f-d6e9201bf3e4,Servicio al Cliente,2023-07-27T16:49:28.006Z,eac74941-f1fe-4806-918a-a57c707b6d60,40000,20000,86400000,20000,2026-06-30 10:30:31
850fbc8b-a753-4bb3-8371-47cd4ae75eeb,HND IN_APERTURA_CUENTAS,548e03b5-af03-401f-956f-d6e9201bf3e4,Servicio al Cliente,2024-06-14T16:00:51.062Z,ac7d6df3-9ee1-4af6-b416-e2bd5dae906b,40000,20000,86400000,20000,2026-06-30 10:30:31
308e736f-3972-4585-9f64-19be60842462,HND IN_AUTORIZACIONES,548e03b5-af03-401f-956f-d6e9201bf3e4,Servicio al Cliente,2022-10-14T22:25:01.552Z,78ad279c-f155-449e-84f6-da696da30386,40000,20000,86400000,20000,2026-06-30 10:30:31
b4850849-2354-4c5a-b1e9-7008e59d200b,HND IN_CABINAS_TELEFONICAS_CC,548e03b5-af03-401f-956f-d6e9201bf3e4,Servicio al Cliente,2024-07-01T16:40:40.468Z,eac74941-f1fe-4806-918a-a57c707b6d60,15000,20000,86400000,20000,2026-06-30 10:30:31
6c3329a8-ce82-47b4-9179-91b49581e9fd,HND IN_CANALES_ALTERNOS,548e03b5-af03-401f-956f-d6e9201bf3e4,Servicio al Cliente,2022-11-01T21:06:47.353Z,78ad279c-f155-449e-84f6-da696da30386,40000,20000,86400000,20000,2026-06-30 10:30:31
def201e5-3621-4772-bf67-d6f9e4bbce84,HND IN_COBROS_PR,7c271255-84d0-418f-b11c-d34854f14822,Cobros,2022-11-30T20:24:21.465Z,78ad279c-f155-449e-84f6-da696da30386,40000,20000,86400000,20000,2026-06-30 10:30:31
815ac383-10fe-4af0-a854-4ca328bad268,HND IN_COBROS_PR MA,a4a87bff-3d6a-45d1-9d4c-075794974c2c,Home,2024-06-06T16:22:24.286Z,73d90384-da50-4b79-9767-dc9f84e55af2,40000,20000,86400000,20000,2026-06-30 10:30:31
c568b858-5b7e-43f1-a96b-5ac397c93c7e,HND IN_COBROS_TC,7c271255-84d0-418f-b11c-d34854f14822,Cobros,2022-09-26T14:41:40.117Z,78ad279c-f155-449e-84f6-da696da30386,40000,20000,86400000,20000,2026-06-30 10:30:31
2f3b1283-f568-4774-ab54-257b2140895f,HND IN_COBROS_TC MA,a4a87bff-3d6a-45d1-9d4c-075794974c2c,Home,2024-06-06T16:22:52.925Z,73d90384-da50-4b79-9767-dc9f84e55af2,40000,20000,86400000,20000,2026-06-30 10:30:31
66b0d3fb-eb13-4d68-8dae-2df6884ad487,HND IN_MONITOREO DE FRAUDES,548e03b5-af03-401f-956f-d6e9201bf3e4,Servicio al Cliente,2025-08-06T18:24:25.985Z,eac74941-f1fe-4806-918a-a57c707b6d60,40000,20000,86400000,20000,2026-06-30 10:30:31
453a6166-42b2-48d5-a1b8-813cda78b0fb,HND IN_POS,548e03b5-af03-401f-956f-d6e9201bf3e4,Servicio al Cliente,2023-08-08T15:31:22.294Z,73d90384-da50-4b79-9767-dc9f84e55af2,40000,20000,86400000,20000,2026-06-30 10:30:31
bd0430a9-c679-46b1-bba0-7851d994c9be,HND IN_PRUEBAS BEAWARE,aa4d15cc-a4f4-49ae-bb1e-57cdc187b177,Seguros Atlántida,2026-05-19T16:17:02.429Z,78ad279c-f155-449e-84f6-da696da30386,20000,20000,86400000,20000,2026-06-30 10:30:31
4b18d484-5cd4-47d9-a813-610e83cec7e2,HND IN_Pyme,a8348b94-6541-4c80-a653-5d11de7b4c5e,Pyme,2022-09-26T14:06:54.914Z,78ad279c-f155-449e-84f6-da696da30386,40000,20000,86400000,20000,2026-06-30 10:30:31
a524d792-c5eb-4e44-935c-530ecad870d6,HND IN_REMESAS,548e03b5-af03-401f-956f-d6e9201bf3e4,Servicio al Cliente,2022-11-01T21:11:04.272Z,78ad279c-f155-449e-84f6-da696da30386,40000,20000,86400000,20000,2026-06-30 10:30:31
69904e2b-d3bd-4aac-bf9c-c0e42bcbf66c,HND IN_SEGUROS_ATLANTIDA,aa4d15cc-a4f4-49ae-bb1e-57cdc187b177,Seguros Atlántida,2023-09-14T13:48:23.910Z,78ad279c-f155-449e-84f6-da696da30386,20000,20000,86400000,20000,2026-06-30 10:30:31
d43f1055-97a7-4820-b24e-8b48c397c9e4,HND IN_SEGUROS_ATLANTIDA_EMAIL,aa4d15cc-a4f4-49ae-bb1e-57cdc187b177,Seguros Atlántida,2026-04-15T19:59:32.917Z,78ad279c-f155-449e-84f6-da696da30386,20000,20000,86400000,20000,2026-06-30 10:30:31
efa44888-5fb0-4a28-883d-8408429e29e7,HND IN_SEGUROS_ATLANTIDA_WHATSAPP,aa4d15cc-a4f4-49ae-bb1e-57cdc187b177,Seguros Atlántida,2026-04-15T19:50:20.657Z,78ad279c-f155-449e-84f6-da696da30386,20000,20000,86400000,20000,2026-06-30 10:30:31
55d650b1-e9e7-44f5-b7ca-c5a1e4908d40,HND IN_TC,548e03b5-af03-401f-956f-d6e9201bf3e4,Servicio al Cliente,2022-10-18T14:42:50.199Z,78ad279c-f155-449e-84f6-da696da30386,40000,20000,86400000,20000,2026-06-30 10:30:31
56040781-dcde-4c34-9ae2-c9b0bbe3aea7,HND IN_TELEMERCADEO,548e03b5-af03-401f-956f-d6e9201bf3e4,Servicio al Cliente,2022-10-26T21:09:00.188Z,78ad279c-f155-449e-84f6-da696da30386,40000,20000,86400000,20000,2026-06-30 10:30:31
1d6c471e-e51a-476d-95b8-95934952dd05,HND IN_TELEVENTAS_PRESTAMOS,6c9d302d-0e0f-4966-a875-cbbf7ab5e42f,Televentas,2022-09-26T14:07:39.945Z,78ad279c-f155-449e-84f6-da696da30386,40000,40000,86400000,20000,2026-06-30 10:30:31
7cf4a813-6e09-463e-9e9b-a66406986dcf,HND IN_TOKEN_EMPRESARIAL,548e03b5-af03-401f-956f-d6e9201bf3e4,Servicio al Cliente,2023-07-20T15:07:57.832Z,d1ce9245-e066-494c-831d-db2447227b16,40000,20000,86400000,20000,2026-06-30 10:30:31
60c39172-03e9-4f9e-9f5e-16c63895b4c5,HND IN_TRAINING,548e03b5-af03-401f-956f-d6e9201bf3e4,Servicio al Cliente,2024-08-21T21:47:43.131Z,695d6dfc-11d3-48ad-a286-64290b8d94e0,40000,20000,86400000,20000,2026-06-30 10:30:31
d8541ba3-6486-49e9-aff5-c802229dd54c,HND IN_VIDEO,548e03b5-af03-401f-956f-d6e9201bf3e4,Servicio al Cliente,2022-10-14T22:41:39.907Z,78ad279c-f155-449e-84f6-da696da30386,5000,20000,86400000,20000,2026-06-30 10:30:31
2541a124-beed-438c-a7ac-1fb624af5717,HND IN_VIP,548e03b5-af03-401f-956f-d6e9201bf3e4,Servicio al Cliente,2022-11-01T21:01:40.904Z,78ad279c-f155-449e-84f6-da696da30386,15000,20000,86400000,20000,2026-06-30 10:30:31
263e1f8f-4576-42bc-8cd0-ceb7781ec483,HND KioskosVideoLlamada,548e03b5-af03-401f-956f-d6e9201bf3e4,Servicio al Cliente,2022-11-10T19:41:39.618Z,78ad279c-f155-449e-84f6-da696da30386,20000,20000,86400000,20000,2026-06-30 10:30:31
f9978b1f-7358-44ee-a0e0-4dd016ef6e50,HND Monitoreo,94ed424b-fd31-49ec-acca-21568bb19179,Monitoreo,2022-07-20T15:30:22.575Z,78ad279c-f155-449e-84f6-da696da30386,20000,20000,86400000,20000,2026-06-30 10:30:31
1b3df0c9-be40-460c-8eb4-32b1c374cfbf,HND Moras Altas CONS_TGU_ROPEREZ,a4a87bff-3d6a-45d1-9d4c-075794974c2c,Home,2023-12-13T17:35:30.683Z,680935d1-3f8c-4244-bc74-573830d413cb,20000,20000,86400000,20000,2026-06-30 10:30:31
f0660c9f-31d3-43a5-8b9f-fdc93b0b32e4,HND Moras Altas Cyber Vivienda Temp,a4a87bff-3d6a-45d1-9d4c-075794974c2c,Home,2024-01-03T20:34:45.628Z,680935d1-3f8c-4244-bc74-573830d413cb,20000,20000,86400000,20000,2026-06-30 10:30:31
cf838a9e-1c5e-4531-8e55-a03613d839d0,HND Moras Altas Cyber Vivienda_SPS,a4a87bff-3d6a-45d1-9d4c-075794974c2c,Home,2023-12-21T22:12:32.873Z,680935d1-3f8c-4244-bc74-573830d413cb,20000,20000,86400000,20000,2026-06-30 10:30:31
0e081c71-a467-4b9a-a277-de0685aa5343,HND ONBOARDING AOL TOKEN,a4a87bff-3d6a-45d1-9d4c-075794974c2c,Home,2025-04-15T16:19:30.137Z,eac74941-f1fe-4806-918a-a57c707b6d60,40000,20000,86400000,20000,2026-06-30 10:30:31
2b361e9f-1853-4362-9891-49575eae91b0,HND OUTB DILO,4ae6a12b-ed77-46f1-8516-0d35bd70d0dc,Dilo,2025-10-10T11:42:57.925Z,78ad279c-f155-449e-84f6-da696da30386,20000,20000,86400000,20000,2026-06-30 10:30:31
11c5fc98-f983-4e17-bc4c-52d2b91b9324,HND OUTB_APERTURA_CUENTAS,548e03b5-af03-401f-956f-d6e9201bf3e4,Servicio al Cliente,2024-07-16T23:42:35.539Z,695d6dfc-11d3-48ad-a286-64290b8d94e0,40000,20000,86400000,20000,2026-06-30 10:30:31
d149849d-7170-42a5-8cb8-e3836659ae87,HND Premora TC Pruebas,a4a87bff-3d6a-45d1-9d4c-075794974c2c,Home,2023-06-28T17:54:50.350Z,ac7d6df3-9ee1-4af6-b416-e2bd5dae906b,20000,20000,86400000,20000,2026-06-30 10:30:31
1033d5da-038c-48e2-a472-e4b294ee2042,HND Prubas Cyber PR,a4a87bff-3d6a-45d1-9d4c-075794974c2c,Home,2023-07-11T14:28:57.008Z,73d90384-da50-4b79-9767-dc9f84e55af2,20000,20000,86400000,20000,2026-06-30 10:30:31
97c7ac97-3856-4a0f-9fcd-8f66447b33c9,HND pruebas,548e03b5-af03-401f-956f-d6e9201bf3e4,Servicio al Cliente,2022-07-01T21:49:41.293Z,78ad279c-f155-449e-84f6-da696da30386,20000,20000,86400000,20000,2026-06-30 10:30:31
6c8c21ab-8e8d-4e08-a72f-7bc873d62140,HND Pruebas Cyber TC,a4a87bff-3d6a-45d1-9d4c-075794974c2c,Home,2023-07-11T14:28:58.149Z,ac7d6df3-9ee1-4af6-b416-e2bd5dae906b,20000,20000,86400000,20000,2026-06-30 10:30:31
ba10b065-4dbd-4d70-8f31-8f7194558dc9,HND Pruebas Dialer,a4a87bff-3d6a-45d1-9d4c-075794974c2c,Home,2022-09-26T15:33:42.849Z,eac74941-f1fe-4806-918a-a57c707b6d60,20000,20000,86400000,20000,2026-06-30 10:30:31
568ace54-59ca-4879-a7b6-0c46869cfbe3,HND Pruebas Dialer PR,a4a87bff-3d6a-45d1-9d4c-075794974c2c,Home,2024-01-17T00:38:28.729Z,ac7d6df3-9ee1-4af6-b416-e2bd5dae906b,20000,20000,86400000,20000,2026-06-30 10:30:31
63965a47-d471-4380-9aa8-12da652dccb2,HND Prueba_CRM,a4a87bff-3d6a-45d1-9d4c-075794974c2c,Home,2023-03-13T23:44:14.351Z,78ad279c-f155-449e-84f6-da696da30386,20000,20000,86400000,20000,2026-06-30 10:30:31
57d4f1ac-62a7-4bb6-a5bf-4811b70d0cb1,HND PYME ABA SUNMI,a4a87bff-3d6a-45d1-9d4c-075794974c2c,Home,2023-08-04T15:38:31.198Z,695d6dfc-11d3-48ad-a286-64290b8d94e0,20000,20000,86400000,20000,2026-06-30 10:30:31
042fc66b-9e7e-4278-980a-ed602b404b57,HND Pyme Asistencias,a8348b94-6541-4c80-a653-5d11de7b4c5e,Pyme,2022-07-11T18:48:30.157Z,78ad279c-f155-449e-84f6-da696da30386,20000,20000,86400000,20000,2026-06-30 10:30:31
6ad0f4f1-7abc-4697-93f9-67678a2e2c71,HND PYME BACKUP,a8348b94-6541-4c80-a653-5d11de7b4c5e,Pyme,2023-08-12T03:02:33.390Z,eac74941-f1fe-4806-918a-a57c707b6d60,20000,20000,86400000,20000,2026-06-30 10:30:31
0c2209fa-ee48-47d1-bb93-1d1a6e3382ea,HND PYME LLAMADA BIENVENIDA,a8348b94-6541-4c80-a653-5d11de7b4c5e,Pyme,2023-09-11T19:51:33.688Z,695d6dfc-11d3-48ad-a286-64290b8d94e0,20000,20000,86400000,20000,2026-06-30 10:30:31
60fb5484-6181-4bc6-9a1b-7c9d5837e109,HND PYME TC ,a8348b94-6541-4c80-a653-5d11de7b4c5e,Pyme,2023-04-11T17:26:22.063Z,680935d1-3f8c-4244-bc74-573830d413cb,20000,20000,86400000,20000,2026-06-30 10:30:31
450e5d20-89f6-46cd-815b-c4423b6471d2,HND PYME TC CORTA CUOTA,a4a87bff-3d6a-45d1-9d4c-075794974c2c,Home,2024-01-11T22:59:36.852Z,ac7d6df3-9ee1-4af6-b416-e2bd5dae906b,20000,20000,86400000,20000,2026-06-30 10:30:31
c378b801-3bad-43ce-8977-b8fd35e65025,HND PYME TC EXRA,a4a87bff-3d6a-45d1-9d4c-075794974c2c,Home,2024-01-15T14:47:20.278Z,ac7d6df3-9ee1-4af6-b416-e2bd5dae906b,20000,20000,86400000,20000,2026-06-30 10:30:31
dd6b3235-ea3f-4d7d-bfcb-42406bfe41e9,HND PYME TC HRE,a4a87bff-3d6a-45d1-9d4c-075794974c2c,Home,2024-01-11T23:01:45.861Z,ac7d6df3-9ee1-4af6-b416-e2bd5dae906b,20000,20000,86400000,20000,2026-06-30 10:30:31
46aaaa03-7a0b-4322-8aa4-bdab8a293233,HND PYME_VAP,a8348b94-6541-4c80-a653-5d11de7b4c5e,Pyme,2025-07-09T22:02:47.238Z,eac74941-f1fe-4806-918a-a57c707b6d60,40000,20000,86400000,20000,2026-06-30 10:30:31
5f3932a8-5367-4ab3-a199-c97b8a8c89af,HND RECLUTAMIENTO SESA,548e03b5-af03-401f-956f-d6e9201bf3e4,Servicio al Cliente,2025-07-31T19:10:32.311Z,ac7d6df3-9ee1-4af6-b416-e2bd5dae906b,20000,20000,86400000,20000,2026-06-30 10:30:31
201add4c-7a80-4539-956d-0946e3a83997,HND REDES_SOCIALES_FACEBOOK_MESSENGER,548e03b5-af03-401f-956f-d6e9201bf3e4,Servicio al Cliente,2024-01-03T16:32:19.803Z,78ad279c-f155-449e-84f6-da696da30386,20000,300000,86400000,300000,2026-06-30 10:30:31
ea005edf-86a6-46cf-af96-d3e48aeb5db5,HND REDES_SOCIALES_INSTAGRAM,548e03b5-af03-401f-956f-d6e9201bf3e4,Servicio al Cliente,2023-01-23T14:11:02.464Z,78ad279c-f155-449e-84f6-da696da30386,20000,300000,86400000,86400000,2026-06-30 10:30:31
d46f55e1-4d0f-41c7-ac4f-3ec7f4b5ac7c,HND REDES_SOCIALES_MURO_FACEBOOK,548e03b5-af03-401f-956f-d6e9201bf3e4,Servicio al Cliente,2022-10-14T22:32:32.269Z,78ad279c-f155-449e-84f6-da696da30386,20000,300000,86400000,86400000,2026-06-30 10:30:31
920ecd67-ce1b-4b10-a0c1-05631db262c1,HND REDES_SOCIALES_TWITTER,a4a87bff-3d6a-45d1-9d4c-075794974c2c,Home,2023-01-10T19:09:22.392Z,78ad279c-f155-449e-84f6-da696da30386,20000,20000,86400000,20000,2026-06-30 10:30:31
5eed496b-6294-49eb-81ed-663122483071,HND REDES_SOCIALES_WHATSAPP,548e03b5-af03-401f-956f-d6e9201bf3e4,Servicio al Cliente,2023-09-28T23:28:59.397Z,78ad279c-f155-449e-84f6-da696da30386,20000,300000,86400000,300000,2026-06-30 10:30:31
14f46bf5-8bfb-461e-9045-406292e66f2c,HND Retenciones_Devoluciones_TC_Mensajería,3722682b-01bc-438c-aa4c-faba9b229c94,Retenciones,2024-11-08T17:38:47.787Z,695d6dfc-11d3-48ad-a286-64290b8d94e0,20000,20000,86400000,20000,2026-06-30 10:30:31
e04139da-7c65-4570-8c7c-2896a9ccb31d,HND Retenciones_TC,3722682b-01bc-438c-aa4c-faba9b229c94,Retenciones,2024-07-09T21:01:46.288Z,73d90384-da50-4b79-9767-dc9f84e55af2,20000,20000,86400000,20000,2026-06-30 10:30:31
6eb347b5-646c-4b9e-bdb4-eee5c1a0a7b7,HND Retenciones_TC_Devoluciones,a4a87bff-3d6a-45d1-9d4c-075794974c2c,Home,2024-10-10T15:56:33.441Z,695d6dfc-11d3-48ad-a286-64290b8d94e0,20000,20000,86400000,20000,2026-06-30 10:30:31
5b832963-a6e4-48d2-ba89-2adf38b83ccf,HND SAC Chat,548e03b5-af03-401f-956f-d6e9201bf3e4,Servicio al Cliente,2022-08-08T18:14:13.963Z,78ad279c-f155-449e-84f6-da696da30386,20000,300000,86400000,20000,2026-06-30 10:30:31
d77d9e89-ffc0-4c11-b77e-9e0cff34401b,HND SAC EM ApoyoCovid,a4a87bff-3d6a-45d1-9d4c-075794974c2c,Home,2022-11-17T14:56:46.475Z,4c323cd7-477c-48eb-b117-6b994ef2e604,20000,300000,86400000,20000,2026-06-30 10:30:31
6307451c-ef5a-45fa-b6f8-22e267b5dd53,HND SAC EM Apps,a4a87bff-3d6a-45d1-9d4c-075794974c2c,Home,2022-11-17T14:58:29.059Z,4c323cd7-477c-48eb-b117-6b994ef2e604,20000,300000,86400000,20000,2026-06-30 10:30:31
39e7999f-6139-4218-ac2a-aa0fd0a733e3,HND SAC EM AUTO_CC,548e03b5-af03-401f-956f-d6e9201bf3e4,Servicio al Cliente,2022-11-17T15:26:49.200Z,4c323cd7-477c-48eb-b117-6b994ef2e604,20000,300000,86400000,20000,2026-06-30 10:30:31
eb2bea46-45f2-481b-8c03-01bfd2dfc10f,HND SAC EM BP,a4a87bff-3d6a-45d1-9d4c-075794974c2c,Home,2022-11-17T15:05:24.875Z,4c323cd7-477c-48eb-b117-6b994ef2e604,20000,300000,86400000,20000,2026-06-30 10:30:31
1cbd5155-e9f0-4533-8333-aaf1cafe61fb,HND SAC EM CC1,a4a87bff-3d6a-45d1-9d4c-075794974c2c,Home,2022-11-03T21:34:34.268Z,4c323cd7-477c-48eb-b117-6b994ef2e604,20000,300000,86400000,20000,2026-06-30 10:30:31
d91eee40-bb96-4055-bff7-3bf404d107b8,HND SAC EM CCTC,a4a87bff-3d6a-45d1-9d4c-075794974c2c,Home,2022-11-17T15:07:20.180Z,4c323cd7-477c-48eb-b117-6b994ef2e604,20000,300000,86400000,20000,2026-06-30 10:30:31
1643d714-89d9-40e3-932e-862926cc69e6,HND SAC EM ComercialPYME,a4a87bff-3d6a-45d1-9d4c-075794974c2c,Home,2022-11-17T15:09:04.267Z,4c323cd7-477c-48eb-b117-6b994ef2e604,20000,300000,86400000,20000,2026-06-30 10:30:31
838c9238-c442-49d3-a4a8-31a85234b2f5,HND SAC EM Remesas,548e03b5-af03-401f-956f-d6e9201bf3e4,Servicio al Cliente,2022-11-17T15:18:31.311Z,4c323cd7-477c-48eb-b117-6b994ef2e604,20000,300000,86400000,20000,2026-06-30 10:30:31
22cd5381-ed05-4dbc-b1e6-e72b99cadc89,HND SAC EM SAC,548e03b5-af03-401f-956f-d6e9201bf3e4,Servicio al Cliente,2022-11-17T15:10:26.606Z,4c323cd7-477c-48eb-b117-6b994ef2e604,20000,300000,86400000,20000,2026-06-30 10:30:31
bc9d309f-9986-4b29-93b8-069fd5a3176f,HND SAC EM TD,a4a87bff-3d6a-45d1-9d4c-075794974c2c,Home,2022-11-17T15:11:24.974Z,4c323cd7-477c-48eb-b117-6b994ef2e604,20000,300000,86400000,20000,2026-06-30 10:30:31
4c0f4029-ab5b-4e45-949a-8085af7d0171,HND SAC EM TELEVENTAS BP,a4a87bff-3d6a-45d1-9d4c-075794974c2c,Home,2023-02-09T20:50:02.720Z,eac74941-f1fe-4806-918a-a57c707b6d60,20000,20000,86400000,20000,2026-06-30 10:30:31
aab8ec9a-761d-4ae2-b0fd-99c0f12ff2c8,HND SAC EM TELEVENTAS PYME,a4a87bff-3d6a-45d1-9d4c-075794974c2c,Home,2023-05-02T21:05:23.089Z,eac74941-f1fe-4806-918a-a57c707b6d60,20000,20000,86400000,20000,2026-06-30 10:30:31
f3bb97d9-a9c7-4a46-b509-3c59ca487abd,HND SAC EM VoucherReclamos,548e03b5-af03-401f-956f-d6e9201bf3e4,Servicio al Cliente,2022-11-17T15:20:30.845Z,4c323cd7-477c-48eb-b117-6b994ef2e604,20000,300000,86400000,20000,2026-06-30 10:30:31
25cfbf89-d455-426a-9ea4-dc57c7c05749,HND SEGURIDAD MONITOREO,548e03b5-af03-401f-956f-d6e9201bf3e4,Servicio al Cliente,2024-04-25T15:38:50.128Z,ac7d6df3-9ee1-4af6-b416-e2bd5dae906b,40000,20000,86400000,20000,2026-06-30 10:30:31
723bf1c5-9fff-41d4-886a-9af93242a42e,HND Servicio al cliente-Redes Sociales-Correo electrónico,a4a87bff-3d6a-45d1-9d4c-075794974c2c,Home,2022-08-08T14:08:43.055Z,78ad279c-f155-449e-84f6-da696da30386,20000,20000,86400000,20000,2026-06-30 10:30:31
1eacbbc5-af0d-4a07-b502-5f995545dd82,HND Soluciones Financieras ,7c271255-84d0-418f-b11c-d34854f14822,Cobros,2023-07-05T16:33:29.707Z,73d90384-da50-4b79-9767-dc9f84e55af2,20000,20000,86400000,20000,2026-06-30 10:30:34
98b08aa6-f109-4fe0-87b5-59582b6241ca,HND SUP CC INB,548e03b5-af03-401f-956f-d6e9201bf3e4,Servicio al Cliente,2023-05-23T16:15:23.810Z,eac74941-f1fe-4806-918a-a57c707b6d60,20000,20000,86400000,20000,2026-06-30 10:30:34
c82c2329-0dcc-42c9-98d9-584184498848,HND SUP CC OUT,6c9d302d-0e0f-4966-a875-cbbf7ab5e42f,Televentas,2025-02-05T17:21:54.232Z,da32eea0-56f6-4998-a72d-4145bb67c446,20000,20000,86400000,20000,2026-06-30 10:30:34
4e357738-89e7-4cea-ae7f-84ce3a841178,HND Televentas Asistencia,bc008d9b-4c3f-414f-bfe0-9bb6670e88a2,Televentas Asistencia,2026-05-15T22:24:33.193Z,7f97d2ed-d3d5-4954-aa49-d926390c8523,20000,20000,86400000,20000,2026-06-30 10:30:34
8fc57a96-dbb6-40ca-afae-5f655d4ea56e,HND Televentas Asistencias,6c9d302d-0e0f-4966-a875-cbbf7ab5e42f,Televentas,2022-07-11T17:34:55.137Z,78ad279c-f155-449e-84f6-da696da30386,20000,20000,86400000,20000,2026-06-30 10:30:34
69567b34-1ccd-4fc5-90a5-99cbdca4f840,HND Televentas Nuevas Bases,a4a87bff-3d6a-45d1-9d4c-075794974c2c,Home,2023-02-13T20:44:35.604Z,680935d1-3f8c-4244-bc74-573830d413cb,20000,20000,86400000,20000,2026-06-30 10:30:34
ad314cf8-ff9d-4553-bfcd-cf0c62816147,HND Televentas Prestamos,a4a87bff-3d6a-45d1-9d4c-075794974c2c,Home,2022-08-03T13:47:27.599Z,78ad279c-f155-449e-84f6-da696da30386,20000,20000,86400000,20000,2026-06-30 10:30:34
df9b5cea-258f-4e27-9560-31fa91a029e2,HND Televentas Salud,6c9d302d-0e0f-4966-a875-cbbf7ab5e42f,Televentas,2024-09-30T20:20:39.631Z,680935d1-3f8c-4244-bc74-573830d413cb,20000,20000,86400000,20000,2026-06-30 10:30:34
233bc60c-e5e6-43a0-af7a-02a7dce5f1a3,HND Televentas Salud AP,a4a87bff-3d6a-45d1-9d4c-075794974c2c,Home,2023-02-08T18:11:55.427Z,eac74941-f1fe-4806-918a-a57c707b6d60,20000,20000,86400000,20000,2026-06-30 10:30:34
0484567b-575c-4130-80ec-949ac3cb88b0,HND Televentas Salud BP,a4a87bff-3d6a-45d1-9d4c-075794974c2c,Home,2024-09-03T18:55:12.211Z,ac7d6df3-9ee1-4af6-b416-e2bd5dae906b,20000,20000,86400000,20000,2026-06-30 10:30:34
72e2eec3-baea-4b50-b2a5-949f0f6813d2,HND Televentas VAP,bc008d9b-4c3f-414f-bfe0-9bb6670e88a2,Televentas Asistencia,2022-07-11T17:34:50.537Z,78ad279c-f155-449e-84f6-da696da30386,20000,20000,86400000,20000,2026-06-30 10:30:34
777f0f23-269d-446b-8dd6-dcec3abe2a5e,HND Televentas VIP,bc008d9b-4c3f-414f-bfe0-9bb6670e88a2,Televentas Asistencia,2023-05-09T16:37:02.336Z,d1ce9245-e066-494c-831d-db2447227b16,20000,20000,86400000,20000,2026-06-30 10:30:34
4624a647-0ff9-44a2-a38d-6f1976647f13,HND TeleventasMP TTS_TC,6c9d302d-0e0f-4966-a875-cbbf7ab5e42f,Televentas,2023-09-28T17:44:25.238Z,695d6dfc-11d3-48ad-a286-64290b8d94e0,20000,20000,86400000,20000,2026-06-30 10:30:34
29770eef-a35e-46fc-978f-ef1ea9ad3574,HND TeleventasMP_Activaciones,6c9d302d-0e0f-4966-a875-cbbf7ab5e42f,Televentas,2023-09-29T23:32:45.160Z,695d6dfc-11d3-48ad-a286-64290b8d94e0,20000,20000,86400000,20000,2026-06-30 10:30:34
c8c0fae8-606d-41bd-b6d9-39b510ff90a3,HND TeleventasMP_Adicionales,6c9d302d-0e0f-4966-a875-cbbf7ab5e42f,Televentas,2022-07-11T19:47:40.065Z,78ad279c-f155-449e-84f6-da696da30386,20000,20000,86400000,20000,2026-06-30 10:30:34
88b25845-7e1b-423f-a8e2-2232aa6a729e,HND TeleventasMP_Aumentos,6c9d302d-0e0f-4966-a875-cbbf7ab5e42f,Televentas,2023-09-28T20:58:22.135Z,695d6dfc-11d3-48ad-a286-64290b8d94e0,20000,20000,86400000,20000,2026-06-30 10:30:34
7dba0843-2bd2-47d8-b482-a5563b1f81fd,HND TeleventasMP_Aumentos TGU ,a4a87bff-3d6a-45d1-9d4c-075794974c2c,Home,2025-02-14T21:35:08.883Z,a337da7f-7f39-4ff7-b644-b5c236cf0985,20000,20000,86400000,20000,2026-06-30 10:30:34
00cbc6fe-cb10-40ac-b6c8-7631ddbdcd4a,HND TeleventasMP_Corta_Cuota,6c9d302d-0e0f-4966-a875-cbbf7ab5e42f,Televentas,2023-02-01T20:07:58.497Z,ac7d6df3-9ee1-4af6-b416-e2bd5dae906b,20000,20000,86400000,20000,2026-06-30 10:30:34
8905bd8b-4525-463f-98f2-7766c5435aab,HND TeleventasMP_DBA ,6c9d302d-0e0f-4966-a875-cbbf7ab5e42f,Televentas,2023-09-29T23:27:02.251Z,695d6dfc-11d3-48ad-a286-64290b8d94e0,20000,20000,86400000,20000,2026-06-30 10:30:34
2dcef835-87fb-415c-b496-6611f8e8bfe5,HND TeleventasMP_Devueltas,6c9d302d-0e0f-4966-a875-cbbf7ab5e42f,Televentas,2023-09-29T23:28:10.040Z,695d6dfc-11d3-48ad-a286-64290b8d94e0,20000,20000,86400000,20000,2026-06-30 10:30:34
c98bf9ec-cc9d-4cb5-bfcf-735e8cf3a10a,HND TeleventasMP_Extra,6c9d302d-0e0f-4966-a875-cbbf7ab5e42f,Televentas,2023-02-01T20:06:01.116Z,ac7d6df3-9ee1-4af6-b416-e2bd5dae906b,20000,20000,86400000,20000,2026-06-30 10:30:34
ca30e4c2-e3a6-4553-8945-a21cb225fe48,HND TeleventasMP_Extra_Intra_RE,6c9d302d-0e0f-4966-a875-cbbf7ab5e42f,Televentas,2023-01-10T18:46:28.645Z,eac74941-f1fe-4806-918a-a57c707b6d60,20000,20000,86400000,20000,2026-06-30 10:30:34
e53fed20-8efa-42e6-b70a-13106cfc5541,HND TeleventasMP_Extra_Pensara,6c9d302d-0e0f-4966-a875-cbbf7ab5e42f,Televentas,2025-03-21T15:38:58.854Z,a337da7f-7f39-4ff7-b644-b5c236cf0985,20000,20000,86400000,20000,2026-06-30 10:30:34
e72efb45-27e3-4492-8da6-f0b20dd127c8,HND TeleventasMP_HRE,6c9d302d-0e0f-4966-a875-cbbf7ab5e42f,Televentas,2023-09-29T22:57:50.226Z,695d6dfc-11d3-48ad-a286-64290b8d94e0,20000,20000,86400000,20000,2026-06-30 10:30:34
71ed1aec-5387-4190-af7e-7d12929fa93f,HND TeleventasMP_Intra,6c9d302d-0e0f-4966-a875-cbbf7ab5e42f,Televentas,2022-07-11T19:42:45.888Z,78ad279c-f155-449e-84f6-da696da30386,20000,20000,86400000,20000,2026-06-30 10:30:34
511719d8-049d-4259-8900-b8ac929a0f7b,HND TeleventasMP_rrellamado_TC,6c9d302d-0e0f-4966-a875-cbbf7ab5e42f,Televentas,2025-05-14T17:39:47.783Z,a337da7f-7f39-4ff7-b644-b5c236cf0985,20000,20000,86400000,20000,2026-06-30 10:30:34
610ee6f2-558e-4c54-bf7d-5c5faf30054a,HND TeleventasMP_SolicitudesAOL_TC,6c9d302d-0e0f-4966-a875-cbbf7ab5e42f,Televentas,2025-03-10T22:07:23.003Z,a337da7f-7f39-4ff7-b644-b5c236cf0985,20000,20000,86400000,20000,2026-06-30 10:30:34
c30e3427-a89f-4299-a1b1-6ec8f58ea98b,HND TeleventasMP_SolicitudesAOL_XF,6c9d302d-0e0f-4966-a875-cbbf7ab5e42f,Televentas,2025-03-10T22:08:13.924Z,a337da7f-7f39-4ff7-b644-b5c236cf0985,20000,20000,86400000,20000,2026-06-30 10:30:34
ed0496b3-403f-419d-9e30-127f70b459ed,HND TeleventasMP_TC_Cuentas_nuevas,6c9d302d-0e0f-4966-a875-cbbf7ab5e42f,Televentas,2024-03-04T21:39:22.871Z,a337da7f-7f39-4ff7-b644-b5c236cf0985,20000,20000,86400000,20000,2026-06-30 10:30:34
16391d7b-fb76-41e7-9b49-823acfb51d09,HND TeleventasMP_TC_Rellamado,6c9d302d-0e0f-4966-a875-cbbf7ab5e42f,Televentas,2026-03-13T02:30:01.741Z,8c7b3caf-9a95-4483-ac7e-4e194223a366,20000,20000,86400000,20000,2026-06-30 10:30:34
784f2a3f-5eac-459a-91a1-308a60b8d205,HND TeleventasMP_TC_Rellamado_V2,6c9d302d-0e0f-4966-a875-cbbf7ab5e42f,Televentas,2026-03-19T20:29:54.655Z,8c7b3caf-9a95-4483-ac7e-4e194223a366,20000,20000,86400000,20000,2026-06-30 10:30:34
ddc1ac58-7a60-4d3d-b16e-c92f13aec0f3,HND TeleventasMP_TC_Segundas_cuentas,a4a87bff-3d6a-45d1-9d4c-075794974c2c,Home,2024-03-04T21:38:46.755Z,a337da7f-7f39-4ff7-b644-b5c236cf0985,20000,20000,86400000,20000,2026-06-30 10:30:34
e2a2aba9-4caa-4ea9-9d77-bcf13d395bb3,HND TeleventasMP_TD,6c9d302d-0e0f-4966-a875-cbbf7ab5e42f,Televentas,2023-12-01T21:40:05.410Z,695d6dfc-11d3-48ad-a286-64290b8d94e0,20000,20000,86400000,20000,2026-06-30 10:30:34
2d43cfd2-9cca-4c50-b021-80139c6e8011,HND TeleventasMP_TD OWNER,a4a87bff-3d6a-45d1-9d4c-075794974c2c,Home,2024-01-05T23:52:22.632Z,695d6dfc-11d3-48ad-a286-64290b8d94e0,20000,20000,86400000,20000,2026-06-30 10:30:34
aa978b22-d8fa-40fd-b0ef-8819326d83f7,HND TLV ASISTENCIA INB,548e03b5-af03-401f-956f-d6e9201bf3e4,Servicio al Cliente,2024-03-08T18:33:04.851Z,695d6dfc-11d3-48ad-a286-64290b8d94e0,40000,20000,86400000,20000,2026-06-30 10:30:34
ea50305e-7aa5-46f2-a51a-87f61366f65b,HND TLV ASISTENCIA NUEVAS AFILIACIONES,a4a87bff-3d6a-45d1-9d4c-075794974c2c,Home,2023-12-13T22:08:48.538Z,a337da7f-7f39-4ff7-b644-b5c236cf0985,20000,20000,86400000,20000,2026-06-30 10:30:34
c0d5d365-60cf-4751-b13d-13937d7de832,HND TLV ASYS VIP TTS,bc008d9b-4c3f-414f-bfe0-9bb6670e88a2,Televentas Asistencia,2026-04-24T20:27:30.086Z,7f97d2ed-d3d5-4954-aa49-d926390c8523,20000,20000,86400000,20000,2026-06-30 10:30:34
83a266ea-0f68-47d7-811a-73cf6913c555,HND TLV Remesas,bc008d9b-4c3f-414f-bfe0-9bb6670e88a2,Televentas Asistencia,2023-04-21T21:56:19.477Z,73d90384-da50-4b79-9767-dc9f84e55af2,20000,20000,86400000,20000,2026-06-30 10:30:34
339723e2-412c-4746-8433-53b2a3fd9390,HND TLV Remesas Especiales,bc008d9b-4c3f-414f-bfe0-9bb6670e88a2,Televentas Asistencia,2026-05-18T16:38:50.167Z,7f97d2ed-d3d5-4954-aa49-d926390c8523,20000,20000,86400000,20000,2026-06-30 10:30:34
f1ca1b0e-ca13-4841-abd4-afe52a2e792f,HND TLVS VAP Cancelados,a4a87bff-3d6a-45d1-9d4c-075794974c2c,Home,2023-05-19T00:18:03.036Z,eac74941-f1fe-4806-918a-a57c707b6d60,20000,20000,86400000,20000,2026-06-30 10:30:34
fcfcc91a-f5ea-4571-977c-322cffbc8baf,HND TRAINING,93cc906a-9f12-4b6d-8930-956222dc7b65,QA & Training,2025-06-12T15:54:42.946Z,ac7d6df3-9ee1-4af6-b416-e2bd5dae906b,20000,20000,86400000,20000,2026-06-30 10:30:34
db5cb6b7-f286-4c18-9a1f-234bd5a22470,HND TTS GANADORES_MP_TC,d2216231-3d0e-4b40-a72d-7d3fed84bc4a,TeleventasMP,2025-04-09T21:05:19.299Z,680935d1-3f8c-4244-bc74-573830d413cb,20000,20000,86400000,20000,2026-06-30 10:30:34
0c6803ab-a8e8-40c2-969c-6ee9110f89f8,HND VIV PR MB Pruebas ,a4a87bff-3d6a-45d1-9d4c-075794974c2c,Home,2023-06-28T17:57:33.745Z,ac7d6df3-9ee1-4af6-b416-e2bd5dae906b,20000,20000,86400000,20000,2026-06-30 10:30:34
231a7ee5-baf6-491a-aacf-007f0d9b564e,HND WHATSAPP DILO,4ae6a12b-ed77-46f1-8516-0d35bd70d0dc,Dilo,2025-10-10T11:37:55.476Z,78ad279c-f155-449e-84f6-da696da30386,20000,20000,86400000,20000,2026-06-30 10:30:34
4a1f6597-4e5e-4c07-b262-884697753054,HND_AFP_CHAT,ae513a61-1582-4763-9740-4bbe10ff3579,AFP Atlantida pensiones y cesantias,2024-02-05T20:23:02.118Z,78ad279c-f155-449e-84f6-da696da30386,20000,20000,86400000,20000,2026-06-30 10:30:34
26f3485a-b826-4e64-980c-262e46c9ed84,HND_AFP_CHAT_FACEBOOK,ae513a61-1582-4763-9740-4bbe10ff3579,AFP Atlantida pensiones y cesantias,2024-06-11T14:22:17.394Z,78ad279c-f155-449e-84f6-da696da30386,20000,20000,86400000,20000,2026-06-30 10:30:34
092e1d71-bc3e-4bf8-b851-5622d80ada5d,HND_AFP_CONFIA_CHAT,a4a87bff-3d6a-45d1-9d4c-075794974c2c,Home,2024-09-02T20:24:45.533Z,78ad279c-f155-449e-84f6-da696da30386,20000,20000,86400000,20000,2026-06-30 10:30:34
b221e856-fddf-48ca-aa5c-cde1add913a4,HND_AFP_EMAIL,ae513a61-1582-4763-9740-4bbe10ff3579,AFP Atlantida pensiones y cesantias,2024-02-05T20:23:50.200Z,78ad279c-f155-449e-84f6-da696da30386,20000,20000,86400000,20000,2026-06-30 10:30:34
da969bb2-9793-4a74-a7af-c50e6ec5d9fc,HND_AFP_PRUEBAS,a4a87bff-3d6a-45d1-9d4c-075794974c2c,Home,2024-07-03T21:08:40.487Z,78ad279c-f155-449e-84f6-da696da30386,20000,20000,86400000,20000,2026-06-30 10:30:34
6d3d1001-d005-488a-be30-361a79fae17e,HND_CONFIRMACION_VENTAS,a8348b94-6541-4c80-a653-5d11de7b4c5e,Pyme,2023-09-06T19:23:33.473Z,eac74941-f1fe-4806-918a-a57c707b6d60,40000,20000,86400000,20000,2026-06-30 10:30:34
d055a928-41f8-42d7-94fd-8d040c3a8116,HND_EMAIL_APP_MOVIL,ae513a61-1582-4763-9740-4bbe10ff3579,AFP Atlantida pensiones y cesantias,2024-05-07T16:44:48.770Z,78ad279c-f155-449e-84f6-da696da30386,20000,20000,86400000,20000,2026-06-30 10:30:34
7497fdbb-278c-4912-bc36-9dd06a85fee8,HND_EMAIL_CONTACTANOS,a4a87bff-3d6a-45d1-9d4c-075794974c2c,Home,2024-05-07T16:45:51.716Z,78ad279c-f155-449e-84f6-da696da30386,20000,20000,86400000,20000,2026-06-30 10:30:34
c787520a-1ba3-4c9b-ab5b-7a3d31afb942,HND_FDL_INB_VOZ_ADL_,997da3ed-3909-47ee-b489-191f7a36a1c3,Fidelización,2026-01-08T22:37:39.507Z,e6990cfa-43a3-4884-b7e5-51c731abf0fe,20000,20000,86400000,20000,2026-06-30 10:30:34
eaf0ac50-ead9-47e9-a7e0-339d98c439d4,HND_FDL_OUT_VOZ_BIENVENIDA_TC,997da3ed-3909-47ee-b489-191f7a36a1c3,Fidelización,2026-02-16T17:32:54.712Z,e6990cfa-43a3-4884-b7e5-51c731abf0fe,20000,20000,86400000,20000,2026-06-30 10:30:34
537aacb2-b634-4a2d-be2f-7e7f739587fa,HND_FDL_OUT_VOZ_TD_ONB,997da3ed-3909-47ee-b489-191f7a36a1c3,Fidelización,2026-05-15T15:28:41.534Z,e6990cfa-43a3-4884-b7e5-51c731abf0fe,20000,20000,86400000,20000,2026-06-30 10:30:34
3b1e8665-3030-4efa-84e5-037d90ef4c09,HND_FDL_OUT_VOZ_UPG,997da3ed-3909-47ee-b489-191f7a36a1c3,Fidelización,2026-03-10T18:07:45.030Z,e6990cfa-43a3-4884-b7e5-51c731abf0fe,20000,20000,86400000,20000,2026-06-30 10:30:34
e785573b-9608-4f15-825c-f6922dbaec93,HND_Fidelización_AFP,997da3ed-3909-47ee-b489-191f7a36a1c3,Fidelización,2025-09-04T20:44:32.552Z,695d6dfc-11d3-48ad-a286-64290b8d94e0,20000,20000,86400000,20000,2026-06-30 10:30:34
47b59ea2-027e-4247-93a3-341c5976ba54,HND_INB_SALIENTE_REMESAS,548e03b5-af03-401f-956f-d6e9201bf3e4,Servicio al Cliente,2023-06-13T15:38:10.971Z,eac74941-f1fe-4806-918a-a57c707b6d60,40000,20000,86400000,20000,2026-06-30 10:30:34
18154847-7881-49f3-98d4-0ba9f638512f,HND_INB_SALIENTE_VAP,548e03b5-af03-401f-956f-d6e9201bf3e4,Servicio al Cliente,2024-08-28T15:40:02.589Z,680935d1-3f8c-4244-bc74-573830d413cb,40000,20000,86400000,20000,2026-06-30 10:30:34
0de0b15e-48b4-49a6-8b42-4eb1294e214b,HND_IN_AFP,ae513a61-1582-4763-9740-4bbe10ff3579,AFP Atlantida pensiones y cesantias,2024-01-09T15:53:03.001Z,78ad279c-f155-449e-84f6-da696da30386,20000,20000,86400000,20000,2026-06-30 10:30:34
661e2b69-e117-4380-91bd-56b1081959a8,HND_IN_RETENCIONES,3722682b-01bc-438c-aa4c-faba9b229c94,Retenciones,2024-11-27T21:12:24.410Z,695d6dfc-11d3-48ad-a286-64290b8d94e0,20000,20000,86400000,20000,2026-06-30 10:30:34
5f478a71-4fe4-4ea6-8ce1-73e22c2a7d60,HND_IN_VIP_2,548e03b5-af03-401f-956f-d6e9201bf3e4,Servicio al Cliente,2026-06-29T17:15:35.934Z,7f97d2ed-d3d5-4954-aa49-d926390c8523,15000,20000,86400000,20000,2026-06-30 10:30:34
dd996ba9-f17b-4db8-bde7-a1c4f175bb28,HND_Retenciones_TC_Callback,3722682b-01bc-438c-aa4c-faba9b229c94,Retenciones,2025-03-11T18:30:25.210Z,695d6dfc-11d3-48ad-a286-64290b8d94e0,20000,20000,86400000,20000,2026-06-30 10:30:34
43b7c207-3bc3-46a4-91e0-4a8c7ced908a,HND_RET_OUT_VOZ_TC_DEV_SOBRE_IVENCIDO,3722682b-01bc-438c-aa4c-faba9b229c94,Retenciones,2025-12-30T22:07:27.983Z,e6990cfa-43a3-4884-b7e5-51c731abf0fe,20000,20000,86400000,20000,2026-06-30 10:30:34
dce82d7c-7b67-4123-96d7-593634db7833,HND_RS_Instagram,a4a87bff-3d6a-45d1-9d4c-075794974c2c,Home,2022-12-09T01:25:29.571Z,78ad279c-f155-449e-84f6-da696da30386,20000,20000,86400000,20000,2026-06-30 10:30:34
be1d900a-c525-4a03-822a-e620ad15a14b,HND_RS_Twitter,a4a87bff-3d6a-45d1-9d4c-075794974c2c,Home,2022-12-09T01:25:04.447Z,78ad279c-f155-449e-84f6-da696da30386,20000,20000,86400000,20000,2026-06-30 10:30:34
5626ca4c-515f-4717-8331-84b90c46f9ef,HND_SEGUIMIENTO_MEDIOS_ESCRITOS,548e03b5-af03-401f-956f-d6e9201bf3e4,Servicio al Cliente,2026-06-25T22:31:44.351Z,0921bc48-4b7f-44d6-bb9a-9a04f2ac99a0,40000,20000,86400000,20000,2026-06-30 10:30:34
68929f9a-08c8-47fb-b699-4d91922461b3,HND_TLV_INB_VOZ_TITULARES,6c9d302d-0e0f-4966-a875-cbbf7ab5e42f,Televentas,2026-02-25T20:52:19.006Z,8c7b3caf-9a95-4483-ac7e-4e194223a366,20000,20000,86400000,20000,2026-06-30 10:30:34
8fc54096-3135-40ea-906b-3896f0ffd228,HND_TLV_OUT_VOZ_FINAN_EMPRESARIAL,6c9d302d-0e0f-4966-a875-cbbf7ab5e42f,Televentas,2026-05-06T16:23:04.559Z,8c7b3caf-9a95-4483-ac7e-4e194223a366,20000,20000,86400000,20000,2026-06-30 10:30:34
4eae5d5f-0fac-4443-9e61-766f76bef2ba,HND_Usuarios_Financieros,548e03b5-af03-401f-956f-d6e9201bf3e4,Servicio al Cliente,2025-06-11T17:34:53.648Z,680935d1-3f8c-4244-bc74-573830d413cb,20000,20000,86400000,20000,2026-06-30 10:30:34
727d2aae-4e19-4802-b34f-86f5ef410026,HND_VIDEO_CL_EXT_AC,a4a87bff-3d6a-45d1-9d4c-075794974c2c,Home,2024-06-25T20:25:43.737Z,eac74941-f1fe-4806-918a-a57c707b6d60,40000,20000,86400000,20000,2026-06-30 10:30:34
151fc98f-1ebd-4b33-bcce-1373b8d6536d,Pruebas Dialer Cobros,7c271255-84d0-418f-b11c-d34854f14822,Cobros,2026-02-10T15:27:03.476Z,73d90384-da50-4b79-9767-dc9f84e55af2,20000,20000,86400000,20000,2026-06-30 10:30:34
f73c1a19-33c4-438d-b428-9b2253af6e85,pruebasPreguntasAleatorias,548e03b5-af03-401f-956f-d6e9201bf3e4,Servicio al Cliente,2026-02-26T15:41:32.077Z,78ad279c-f155-449e-84f6-da696da30386,20000,20000,86400000,20000,2026-06-30 10:30:34
4df7fbbf-1a4b-443f-a308-fda9a8c87190,pruebas_2025,a4a87bff-3d6a-45d1-9d4c-075794974c2c,Home,2025-07-28T16:21:25.259Z,78ad279c-f155-449e-84f6-da696da30386,20000,20000,86400000,20000,2026-06-30 10:30:34
a3e8cfa5-f048-4a74-ba72-e8d9fb477f1a,pruebas_email,ae513a61-1582-4763-9740-4bbe10ff3579,AFP Atlantida pensiones y cesantias,2024-02-12T18:56:19.639Z,78ad279c-f155-449e-84f6-da696da30386,20000,20000,86400000,20000,2026-06-30 10:30:34
15433d61-d0d0-447f-9fe1-f9f7220638d2,PRUEBAS_FASE2BOT,a4a87bff-3d6a-45d1-9d4c-075794974c2c,Home,2024-07-24T18:48:14.510Z,78ad279c-f155-449e-84f6-da696da30386,20000,20000,86400000,20000,2026-06-30 10:30:34
cb71338c-d06a-4928-85f1-80db28f4f308,PRUEBAS_INTERAXA_ITXDS,a4a87bff-3d6a-45d1-9d4c-075794974c2c,Home,2025-07-14T21:42:21.765Z,78ad279c-f155-449e-84f6-da696da30386,20000,20000,86400000,20000,2026-06-30 10:30:34
c92b5ca5-3cf1-42e2-b7d7-aaa3cc877e7d,Pruebas_Messenger,548e03b5-af03-401f-956f-d6e9201bf3e4,Servicio al Cliente,2025-01-24T19:55:06.002Z,78ad279c-f155-449e-84f6-da696da30386,20000,20000,86400000,20000,2026-06-30 10:30:34
67076b25-c77c-4571-a43f-9d67ee8cbe08,pruebaWhatsapp,a4a87bff-3d6a-45d1-9d4c-075794974c2c,Home,2024-02-28T16:27:23.405Z,78ad279c-f155-449e-84f6-da696da30386,20000,20000,86400000,20000,2026-06-30 10:30:34
2a952bca-3114-404c-afd5-2edb9e80ae13,prueba_AFP,ae513a61-1582-4763-9740-4bbe10ff3579,AFP Atlantida pensiones y cesantias,2024-03-21T20:44:48.029Z,78ad279c-f155-449e-84f6-da696da30386,20000,20000,86400000,20000,2026-06-30 10:30:34
b3dbd251-91e6-4b02-91d1-c9658a4240c1,Prueba_CRM,a4a87bff-3d6a-45d1-9d4c-075794974c2c,Home,2023-10-02T16:58:33.795Z,78ad279c-f155-449e-84f6-da696da30386,20000,20000,86400000,20000,2026-06-30 10:30:34
87a9c6bd-d2b3-4333-914b-52cd296a34f8,Prueba_Videollamada,548e03b5-af03-401f-956f-d6e9201bf3e4,Servicio al Cliente,2024-06-25T14:32:11.803Z,78ad279c-f155-449e-84f6-da696da30386,20000,20000,86400000,20000,2026-06-30 10:30:34
66c287bd-7c63-4c1c-af56-be3fd0ac626c,QueueTest,875adab8-cb33-41b9-a658-da4cac385e1c,Belice,2024-05-15T22:28:01.944Z,78ad279c-f155-449e-84f6-da696da30386,20000,20000,86400000,20000,2026-06-30 10:30:34
0accf35e-c2b5-418e-89c9-1b7cf04cb221,TTS,548e03b5-af03-401f-956f-d6e9201bf3e4,Servicio al Cliente,2023-08-04T18:31:52.117Z,eac74941-f1fe-4806-918a-a57c707b6d60,40000,20000,86400000,20000,2026-06-30 10:30:34
b5e0c4c8-237e-4215-b172-73195fc1e25a,Visualizacion Cobros PR,7c271255-84d0-418f-b11c-d34854f14822,Cobros,2026-05-07T22:11:18.863Z,d1ce9245-e066-494c-831d-db2447227b16,20000,20000,86400000,20000,2026-06-30 10:30:34
20232ad4-731b-4a68-9fef-7b9363235ce7,Visualizacion Equipo Angie,7c271255-84d0-418f-b11c-d34854f14822,Cobros,2026-02-04T16:25:21.385Z,73d90384-da50-4b79-9767-dc9f84e55af2,20000,20000,86400000,20000,2026-06-30 10:30:34
5cc8de65-164c-43e0-9434-a97cac2a5013,Visualizacion Equipo Bedella,7c271255-84d0-418f-b11c-d34854f14822,Cobros,2026-02-04T16:39:21.558Z,73d90384-da50-4b79-9767-dc9f84e55af2,20000,20000,86400000,20000,2026-06-30 10:30:34
15c28805-7f21-414d-9054-74e1202d98c7,Visualizacion Equipo Brenda,7c271255-84d0-418f-b11c-d34854f14822,Cobros,2026-02-04T16:12:50.888Z,73d90384-da50-4b79-9767-dc9f84e55af2,20000,20000,86400000,20000,2026-06-30 10:30:34
d9776f02-1355-40eb-ae3a-b0cc0b5a0b40,Visualizacion Equipo Carmen,7c271255-84d0-418f-b11c-d34854f14822,Cobros,2026-02-04T15:51:28.029Z,73d90384-da50-4b79-9767-dc9f84e55af2,20000,20000,86400000,20000,2026-06-30 10:30:34
6a8815aa-d5ff-4f07-b6f9-bcf9b92ef1f8,Visualizacion Equipo Jose Luis,7c271255-84d0-418f-b11c-d34854f14822,Cobros,2026-05-07T17:28:08.050Z,09690e19-6666-4de8-b628-b757201a16f6,20000,20000,86400000,20000,2026-06-30 10:30:34
5f9f5cb5-7735-4678-88e6-e9030a8141e3,Visualizacion Equipo Luis Jeffs,7c271255-84d0-418f-b11c-d34854f14822,Cobros,2026-06-01T15:58:43.887Z,09690e19-6666-4de8-b628-b757201a16f6,20000,20000,86400000,20000,2026-06-30 10:30:34
1b8d6a7a-0903-4da1-b061-a52edcf491e3,Visualizacion Equipo Sheyla,7c271255-84d0-418f-b11c-d34854f14822,Cobros,2026-02-11T16:00:31.950Z,73d90384-da50-4b79-9767-dc9f84e55af2,20000,20000,86400000,20000,2026-06-30 10:30:34
242cf7ae-6e55-4904-83ef-040f2c13a489,VisualizaciónMP,d2216231-3d0e-4b40-a72d-7d3fed84bc4a,TeleventasMP,2025-05-14T18:59:50.643Z,125c84b2-f640-4fa4-9380-073e7a5acb6a,20000,20000,86400000,20000,2026-06-30 10:30:34
c11133fa-bbcc-4fd4-8fd1-8fcce06f49fa,VisualizaciónWFM,fc4f409d-5434-4785-bc7d-738e38213e02,WFM,2026-03-30T15:00:57.727Z,da32eea0-56f6-4998-a72d-4145bb67c446,20000,20000,86400000,20000,2026-06-30 10:30:34
95956a20-2bac-4d3c-af4a-5746f82b1e98,WTL_Prueba_POC,a4a87bff-3d6a-45d1-9d4c-075794974c2c,Home,2024-07-30T16:36:18.664Z,78ad279c-f155-449e-84f6-da696da30386,20000,20000,86400000,20000,2026-06-30 10:30:34
0595add5-e4ca-4991-927e-fbfbd1661845,zHND Cobros PR CONS Arreglo General,a4a87bff-3d6a-45d1-9d4c-075794974c2c,Home,2023-12-07T21:34:18.935Z,ac7d6df3-9ee1-4af6-b416-e2bd5dae906b,20000,20000,86400000,20000,2026-06-30 10:30:34
c27ed048-35aa-4b70-a628-42094f6f7c17,zHND Cobros_Global,7c271255-84d0-418f-b11c-d34854f14822,Cobros,2022-07-11T19:00:38.941Z,78ad279c-f155-449e-84f6-da696da30386,20000,20000,86400000,20000,2026-06-30 10:30:34
0ff83f99-cc0c-47da-87e2-f6c8b55421bc,Z_202211_EMAIL_CORREO_ELECTRONICO,a4a87bff-3d6a-45d1-9d4c-075794974c2c,Home,2022-10-14T22:30:30.304Z,78ad279c-f155-449e-84f6-da696da30386,20000,20000,86400000,20000,2026-06-30 10:30:34
3a24202e-1f38-4611-a2f6-4ce82ab288e5,Z_202211_EMAIL_CORREO_ELECTRONICO_AUTORIZACIONES,a4a87bff-3d6a-45d1-9d4c-075794974c2c,Home,2022-10-28T14:30:06.081Z,78ad279c-f155-449e-84f6-da696da30386,20000,20000,86400000,20000,2026-06-30 10:30:34
71398991-8c43-4513-b8a1-fbc32a7ff264,Z_202211_EMAIL_CORREO_ELECTRONICO_REMESAS,a4a87bff-3d6a-45d1-9d4c-075794974c2c,Home,2022-10-28T14:29:47.687Z,78ad279c-f155-449e-84f6-da696da30386,20000,20000,86400000,20000,2026-06-30 10:30:34
d5b7744a-4bd2-48df-8004-20a510f17118,Z_202406_HND PYME ATENCION BANCA COMERCIAL,a4a87bff-3d6a-45d1-9d4c-075794974c2c,Home,2023-07-04T17:10:02.471Z,73d90384-da50-4b79-9767-dc9f84e55af2,20000,20000,86400000,20000,2026-06-30 10:30:36
3e534536-0cf0-4aec-bde5-204a85a1ab6a,Z_CT,a4a87bff-3d6a-45d1-9d4c-075794974c2c,Home,2023-03-29T20:06:53.352Z,78ad279c-f155-449e-84f6-da696da30386,40000,20000,86400000,20000,2026-06-30 10:30:36
6d246c88-2fe7-43ae-a224-3b424e14e2b3,Z_XEGA,a4a87bff-3d6a-45d1-9d4c-075794974c2c,Home,2022-11-15T21:58:38.750Z,eac74941-f1fe-4806-918a-a57c707b6d60,40000,20000,86400000,20000,2026-06-30 10:30:36
